tenth_pct,twelfth_pct,graduation_pct,skill_count,skills,interest,city,career,salary
83.96,82.85,73.57,6,"python,css,aws,sql,dl,linux",web,Pune,AI / Data Science,15.1
96.46,76.95,75.52,3,"excel,sql,css",data,Patna,Software Development,7.55
70.8,78.38,64.54,1,dl,web,Bangalore,Web Development,9.09
80.06,79.13,63.31,0,,ai,Bhopal,AI / Data Science,7.59
90.37,97.82,69.15,2,"c++,aws",security,Delhi,Software Development,9.6
87.41,82.49,72.13,0,,mobile,Bijnor,Software Development,5.43
86.46,89.35,59.8,4,"sql,java,ml,git",govt,Patna,AI / Data Science,9.32
81.13,81.17,64.93,0,,web,Noida,Web Development,7.31
78.72,98.43,70.46,4,"ml,git,aws,python",cloud,Bangalore,AI / Data Science,14.52
80.6,84.7,72.2,3,"python,ml,css",ai,Delhi,AI / Data Science,11.03
83.14,63.38,65.14,5,"aws,css,html,ml,python",ai,Pune,Software Development,8.24
92.29,99.0,70.01,4,"html,aws,sql,js",security,Patna,Cyber Security,9.54
80.1,70.36,71.06,6,"js,sql,ml,git,java,excel",data,Bijnor,AI / Data Science,6.7
68.74,75.77,58.66,5,"js,excel,sql,ml,css",govt,Pune,Software Development,9.73
76.47,79.2,81.44,7,"excel,linux,dl,css,ml,sql,java",web,Noida,AI / Data Science,12.45
79.84,80.31,56.91,3,"ml,c++,git",cloud,Kolkata,AI / Data Science,10.18
71.33,70.31,47.09,6,"html,aws,js,c++,python,linux",mobile,Hyderabad,Web Development,7.77
87.32,86.94,75.14,2,"aws,linux",data,Kolkata,Cyber Security,9.63
84.06,90.99,61.66,2,"aws,linux",govt,Jaipur,Cyber Security,7.2
80.75,78.03,59.05,4,"aws,ml,dl,java",security,Kolkata,AI / Data Science,10.49
99.0,99.0,87.08,7,"git,css,html,linux,dl,java,aws",security,Bijnor,AI / Data Science,9.33
85.06,87.31,65.35,2,"dl,css",security,Bhopal,AI / Data Science,8.72
87.75,92.79,66.56,2,"html,css",cloud,Delhi,Software Development,9.19
87.49,92.55,54.98,0,,data,Bangalore,Software Development,9.93
68.18,84.92,55.54,0,,govt,Kolkata,Software Development,7.43
76.24,69.63,58.48,3,"html,excel,c++",cloud,Pune,Data Analyst,6.93
90.73,92.63,71.64,4,"aws,python,sql,ml",security,Kolkata,AI / Data Science,11.26
77.95,72.49,62.27,5,"js,java,c++,sql,html",cloud,Pune,Data Analyst,9.21
88.12,79.59,63.09,1,excel,govt,Bhopal,Software Development,6.26
70.81,53.82,49.41,0,,govt,Noida,Software Development,6.19
86.9,98.72,80.57,3,"aws,excel,java",security,Pune,Data Analyst,10.69
92.79,94.54,71.69,6,"ml,css,c++,python,git,linux",ai,Delhi,AI / Data Science,14.19
79.44,83.56,72.74,1,html,data,Pune,Data Analyst,8.77
94.11,73.23,63.33,4,"c++,python,aws,html",security,Lucknow,Cyber Security,9.5
96.03,96.62,90.46,1,git,govt,Pune,Software Development,10.75
70.77,56.22,61.76,0,,web,Kolkata,Web Development,6.78
71.96,80.32,61.41,2,"c++,js",ai,Patna,Software Development,5.41
78.5,79.93,65.73,4,"linux,python,git,c++",security,Jaipur,Software Development,7.66
66.33,66.97,68.85,0,,cloud,Bangalore,Software Development,6.04
73.31,70.92,77.86,7,"excel,linux,aws,js,sql,c++,css",security,Hyderabad,Data Analyst,10.47
70.19,66.3,53.03,0,,web,Bangalore,Software Development,7.89
81.28,75.49,60.61,4,"dl,js,python,git",ai,Delhi,AI / Data Science,11.69
59.71,66.09,44.92,2,"aws,excel",web,Bangalore,Data Analyst,7.17
87.26,81.47,88.53,0,,govt,Bhopal,Software Development,6.83
84.38,89.95,75.15,4,"js,dl,linux,css",govt,Noida,AI / Data Science,13.62
99.0,99.0,66.66,0,,web,Bangalore,Software Development,9.87
85.59,99.0,76.06,4,"aws,java,ml,excel",web,Delhi,AI / Data Science,13.57
66.63,60.4,36.89,1,aws,data,Bijnor,IT Support / Operations,3.23
76.66,79.27,61.32,0,,cloud,Bhopal,Software Development,7.0
86.07,81.03,67.02,2,"sql,ml",mobile,Patna,AI / Data Science,8.32
68.44,73.73,63.56,5,"aws,python,html,linux,git",security,Bijnor,Web Development,4.95
62.17,68.61,54.51,4,"git,java,linux,aws",data,Bhopal,Software Development,4.61
78.17,77.97,66.23,3,"linux,js,c++",ai,Lucknow,AI / Data Science,10.66
77.78,75.4,57.89,3,"css,html,dl",ai,Patna,Web Development,5.65
86.66,77.63,63.3,4,"html,excel,git,c++",cloud,Jaipur,Web Development,5.86
99.0,89.07,69.29,6,"git,excel,java,js,sql,python",web,Hyderabad,Web Development,9.99
81.41,81.72,56.42,2,"aws,js",govt,Bangalore,Web Development,9.26
85.47,93.08,76.81,6,"git,js,ml,java,c++,linux",govt,Pune,AI / Data Science,14.54
67.21,59.94,47.25,4,"aws,java,css,excel",govt,Bijnor,Data Analyst,3.78
75.33,81.92,64.04,4,"excel,linux,java,c++",security,Noida,Software Development,10.76
72.24,90.63,56.86,0,,govt,Lucknow,Software Development,6.5
70.09,75.4,69.0,1,aws,mobile,Bijnor,Software Development,5.02
87.82,88.89,75.42,3,"dl,python,html",govt,Bhopal,AI / Data Science,9.49
74.29,76.07,58.79,5,"java,dl,git,sql,linux",cloud,Kolkata,Cloud / DevOps,8.2
75.38,83.35,67.61,3,"excel,dl,git",data,Patna,AI / Data Science,7.5
84.81,78.37,65.51,3,"js,linux,excel",govt,Patna,Cyber Security,5.97
66.56,64.36,60.33,0,,govt,Pune,Software Development,7.02
71.99,75.73,65.77,0,,ai,Bhopal,Software Development,6.42
76.95,84.52,77.54,5,"aws,excel,js,linux,css",security,Patna,Data Analyst,7.24
75.59,68.34,68.18,2,"c++,dl",web,Bhopal,Software Development,6.48
85.01,82.13,73.22,5,"css,git,ml,js,java",security,Kolkata,AI / Data Science,12.0
76.86,78.7,63.23,1,css,govt,Noida,Software Development,9.19
80.99,93.61,70.35,4,"git,linux,python,java",govt,Delhi,Software Development,11.56
59.72,55.25,53.26,5,"dl,ml,aws,css,java",mobile,Jaipur,IT Support / Operations,3.43
71.49,78.51,66.21,4,"ml,sql,excel,dl",cloud,Bijnor,AI / Data Science,5.93
71.2,80.51,55.66,1,java,mobile,Bijnor,Software Development,5.15
83.52,88.38,62.61,3,"linux,dl,git",ai,Hyderabad,AI / Data Science,11.45
84.78,79.7,75.53,3,"js,ml,html",ai,Delhi,AI / Data Science,12.22
79.95,72.66,63.3,2,"css,java",ai,Delhi,Software Development,8.12
90.9,95.96,67.57,4,"ml,aws,html,c++",govt,Bangalore,AI / Data Science,15.06
90.59,86.31,82.46,4,"linux,aws,ml,python",web,Noida,AI / Data Science,13.91
71.12,70.92,76.85,7,"aws,js,linux,python,git,excel,sql",mobile,Delhi,Data Analyst,9.38
76.9,80.92,68.31,5,"js,html,css,dl,linux",data,Lucknow,AI / Data Science,11.07
83.27,76.17,54.9,1,aws,mobile,Pune,Software Development,6.35
77.69,87.08,72.02,2,"html,linux",web,Noida,Web Development,8.28
82.16,81.78,71.2,3,"css,js,sql",data,Patna,Web Development,5.72
95.94,97.36,73.91,7,"java,ml,js,excel,html,python,dl",ai,Jaipur,AI / Data Science,11.26
71.56,85.29,71.07,2,"js,c++",mobile,Bangalore,Software Development,7.74
85.35,76.93,61.81,6,"excel,aws,c++,git,ml,java",ai,Kolkata,AI / Data Science,10.92
90.61,99.0,85.86,5,"java,ml,c++,aws,js",cloud,Patna,AI / Data Science,9.91
74.86,70.79,63.4,1,js,security,Delhi,Cyber Security,8.36
78.19,69.42,50.14,5,"git,html,js,ml,sql",govt,Kolkata,Software Development,6.78
85.47,85.94,70.71,1,excel,mobile,Bijnor,Data Analyst,5.49
81.37,82.21,66.75,1,css,data,Kolkata,Data Analyst,6.54
84.6,76.85,67.35,0,,mobile,Bijnor,Software Development,6.64
82.96,87.59,78.98,3,"git,js,css",ai,Lucknow,AI / Data Science,9.66
71.19,74.64,51.9,2,"dl,linux",mobile,Bijnor,Cyber Security,5.86
57.78,60.29,51.31,3,"ml,html,sql",web,Jaipur,Web Development,4.15
91.57,99.0,63.2,0,,cloud,Bhopal,Software Development,7.67
88.0,72.05,69.01,5,"dl,ml,git,html,c++",web,Bangalore,AI / Data Science,12.67
79.33,82.35,61.18,4,"git,sql,aws,linux",govt,Pune,Software Development,10.6
64.14,62.25,51.06,3,"js,ml,dl",web,Patna,Web Development,4.86
79.05,84.71,60.53,0,,cloud,Bangalore,Software Development,9.54
76.81,84.17,64.02,3,"python,excel,aws",web,Kolkata,Web Development,7.61
99.0,96.6,73.26,4,"c++,aws,python,excel",data,Bangalore,Data Analyst,12.07
68.48,72.8,49.19,0,,mobile,Patna,Software Development,5.31
63.23,61.15,47.37,1,java,data,Hyderabad,Data Analyst,4.16
75.3,65.94,45.02,3,"python,c++,linux",mobile,Pune,Cyber Security,9.13
77.82,82.45,67.05,1,excel,cloud,Bangalore,Software Development,10.45
76.6,80.32,66.26,3,"c++,dl,linux",mobile,Bhopal,AI / Data Science,8.66
77.64,79.71,71.42,6,"dl,js,css,linux,sql,excel",security,Bangalore,AI / Data Science,14.94
91.89,88.28,69.57,4,"c++,linux,html,java",ai,Bangalore,AI / Data Science,13.94
93.94,98.39,80.96,8,"python,dl,java,aws,js,linux,css,git",data,Lucknow,AI / Data Science,12.29
67.93,59.57,38.89,6,"ml,js,linux,sql,dl,excel",mobile,Delhi,Data Analyst,5.26
99.0,99.0,82.28,7,"ml,sql,html,git,c++,dl,python",web,Pune,AI / Data Science,16.69
84.93,85.18,57.6,3,"git,c++,excel",mobile,Patna,Software Development,7.43
76.34,66.54,58.34,1,git,cloud,Patna,Software Development,5.52
78.18,71.9,67.71,3,"git,excel,python",data,Kolkata,Software Development,8.1
57.61,69.27,67.86,1,java,cloud,Kolkata,Software Development,7.83
99.0,99.0,86.95,3,"dl,excel,linux",data,Noida,AI / Data Science,15.08
64.3,62.75,48.73,0,,mobile,Hyderabad,Software Development,6.97
61.48,67.22,68.45,6,"ml,js,c++,python,git,dl",ai,Pune,Software Development,9.93
64.66,64.25,56.77,2,"git,aws",data,Bhopal,Software Development,4.81
66.56,58.0,38.1,0,,security,Jaipur,IT Support / Operations,2.65
76.19,74.29,65.48,6,"java,c++,aws,sql,linux,python",cloud,Noida,Cloud / DevOps,10.08
85.33,75.17,57.59,1,java,ai,Jaipur,AI / Data Science,9.73
82.55,97.05,72.2,1,c++,mobile,Hyderabad,Software Development,11.72
69.73,67.31,51.44,0,,cloud,Patna,Software Development,4.94
96.99,99.0,93.23,8,"js,html,sql,linux,excel,dl,css,aws",security,Pune,AI / Data Science,14.88
80.41,83.31,78.25,6,"python,js,git,dl,html,java",security,Bhopal,AI / Data Science,10.48
99.0,99.0,78.55,3,"git,sql,js",mobile,Delhi,Data Analyst,9.5
83.14,81.64,75.56,6,"css,ml,linux,python,js,aws",govt,Noida,AI / Data Science,15.51
81.32,87.18,60.1,1,c++,security,Lucknow,Software Development,8.23
96.26,99.0,74.89,4,"ml,dl,html,js",mobile,Jaipur,AI / Data Science,11.12
75.31,70.56,58.36,3,"sql,aws,python",ai,Noida,Data Analyst,7.41
86.96,83.92,60.7,0,,ai,Noida,AI / Data Science,10.46
88.12,92.08,73.38,3,"excel,sql,ml",ai,Delhi,AI / Data Science,11.14
74.44,61.59,63.85,5,"dl,js,java,aws,excel",mobile,Delhi,Data Analyst,6.73
58.49,54.52,52.38,5,"sql,dl,ml,js,css",data,Noida,IT Support / Operations,4.82
99.0,84.52,68.73,6,"sql,git,js,python,linux,aws",data,Jaipur,Data Analyst,7.92
74.92,55.7,59.11,3,"c++,java,html",data,Hyderabad,Data Analyst,6.62
69.69,58.44,54.18,0,,cloud,Pune,Software Development,7.44
83.76,99.0,76.99,3,"sql,aws,c++",mobile,Bijnor,Data Analyst,6.33
76.95,74.0,53.84,3,"ml,css,dl",govt,Jaipur,Software Development,6.92
87.82,78.18,72.81,5,"css,js,linux,git,aws",web,Patna,Software Development,7.77
99.0,96.59,75.92,6,"dl,js,html,linux,c++,aws",mobile,Kolkata,AI / Data Science,13.27
75.9,64.02,67.36,2,"python,aws",security,Noida,Software Development,8.03
87.73,94.08,59.64,5,"excel,java,css,linux,dl",mobile,Bangalore,AI / Data Science,12.84
80.73,63.8,70.78,2,"dl,java",data,Delhi,Data Analyst,6.94
77.83,82.2,66.06,2,"c++,ml",web,Pune,AI / Data Science,11.71
73.04,81.6,60.33,0,,govt,Bangalore,Software Development,8.95
82.77,72.62,65.37,4,"linux,dl,aws,js",data,Noida,AI / Data Science,11.2
81.52,72.06,59.58,4,"dl,c++,html,js",data,Pune,Software Development,9.63
83.61,92.3,72.35,4,"git,java,excel,js",security,Kolkata,Software Development,8.92
56.72,66.82,45.99,0,,data,Noida,IT Support / Operations,4.15
82.58,83.89,68.2,0,,web,Hyderabad,Software Development,10.57
89.42,98.23,72.4,2,"js,c++",web,Delhi,Web Development,10.89
60.73,62.17,54.18,1,aws,web,Noida,Software Development,6.77
72.44,70.69,71.73,3,"python,html,git",mobile,Bhopal,Software Development,6.53
85.6,73.27,64.55,3,"js,excel,c++",data,Lucknow,Data Analyst,6.66
88.12,92.6,75.14,6,"java,python,excel,html,dl,css",security,Patna,AI / Data Science,9.67
91.45,91.45,73.94,3,"git,excel,js",security,Noida,Software Development,10.87
55.45,45.93,46.96,3,"html,css,ml",cloud,Bijnor,IT Support / Operations,2.0
78.82,70.38,70.69,3,"dl,sql,ml",web,Noida,AI / Data Science,11.06
71.9,70.72,56.29,5,"linux,js,html,aws,python",cloud,Lucknow,Cloud / DevOps,8.59
76.03,79.0,59.56,2,"linux,aws",web,Pune,Software Development,10.75
80.12,80.78,71.59,3,"html,css,java",mobile,Delhi,Software Development,9.38
80.31,88.15,63.02,0,,ai,Jaipur,AI / Data Science,8.98
75.32,87.24,54.09,1,html,cloud,Bhopal,Software Development,6.73
78.62,76.97,59.26,1,python,security,Bijnor,Software Development,4.67
76.18,79.51,66.9,6,"css,ml,git,java,linux,js",web,Hyderabad,AI / Data Science,11.77
80.22,96.41,71.87,3,"aws,dl,python",security,Lucknow,AI / Data Science,10.17
72.85,77.56,49.86,3,"c++,python,linux",security,Lucknow,Software Development,7.11
76.54,75.8,66.53,4,"excel,ml,dl,css",web,Bangalore,AI / Data Science,13.62
85.42,83.76,74.24,1,aws,security,Kolkata,Software Development,8.28
85.38,62.17,77.64,2,"ml,aws",web,Bangalore,AI / Data Science,13.0
68.35,74.32,51.25,3,"excel,python,css",data,Jaipur,Software Development,7.3
73.14,70.25,35.0,2,"ml,excel",security,Bhopal,Data Analyst,3.41
88.79,94.75,82.71,3,"excel,linux,git",govt,Patna,Cyber Security,9.14
47.3,41.45,35.0,0,,web,Pune,IT Support / Operations,2.0
88.36,93.0,69.8,1,java,security,Jaipur,Software Development,7.3
84.27,87.62,81.37,5,"sql,git,aws,java,ml",mobile,Bhopal,AI / Data Science,9.22
73.74,70.72,57.22,4,"git,ml,python,java",ai,Jaipur,Software Development,5.39
83.92,94.25,45.26,3,"dl,html,excel",mobile,Bangalore,AI / Data Science,12.75
78.65,99.0,74.63,7,"sql,excel,c++,js,git,dl,css",web,Patna,AI / Data Science,9.99
67.65,73.19,56.16,4,"c++,html,python,dl",data,Pune,Data Analyst,8.01
93.0,80.88,80.6,2,"js,c++",mobile,Jaipur,Software Development,9.28
91.76,82.28,75.08,6,"java,aws,linux,js,html,css",govt,Kolkata,Cyber Security,9.87
96.16,91.26,70.45,6,"ml,git,css,html,c++,dl",govt,Kolkata,AI / Data Science,11.54
80.12,75.75,62.38,6,"ml,aws,c++,python,linux,dl",govt,Patna,AI / Data Science,9.86
58.23,59.58,50.16,0,,data,Delhi,Data Analyst,3.21
84.17,88.75,70.02,5,"js,git,html,c++,ml",mobile,Patna,AI / Data Science,9.35
58.73,55.22,63.3,2,"css,html",cloud,Jaipur,Web Development,4.06
55.47,59.15,39.32,0,,mobile,Bhopal,IT Support / Operations,2.62
73.28,85.04,70.19,2,"excel,c++",security,Bijnor,Data Analyst,5.97
68.8,64.4,63.5,2,"excel,html",ai,Delhi,Web Development,6.82
95.85,96.53,83.81,5,"excel,dl,sql,css,aws",ai,Pune,AI / Data Science,14.86
79.87,80.75,67.22,4,"java,sql,aws,css",security,Noida,Cyber Security,9.73
95.37,96.22,74.46,5,"sql,python,ml,git,c++",ai,Jaipur,AI / Data Science,11.3
98.94,96.69,81.87,2,"python,git",data,Bhopal,Software Development,8.51
52.89,64.2,61.72,0,,mobile,Delhi,Software Development,6.97
77.91,80.75,65.17,1,c++,ai,Bijnor,AI / Data Science,6.67
99.0,90.1,87.9,6,"c++,java,linux,sql,js,html",data,Noida,Cyber Security,14.05
99.0,96.11,88.01,3,"html,git,python",data,Bangalore,Web Development,12.57
92.4,88.47,58.29,4,"python,sql,excel,html",mobile,Bijnor,Web Development,5.89
81.67,93.24,60.11,3,"git,css,linux",data,Bijnor,Cyber Security,5.94
79.81,78.87,68.39,3,"aws,python,css",cloud,Bijnor,Cloud / DevOps,5.92
70.17,61.46,49.79,1,git,ai,Hyderabad,Software Development,5.85
99.0,99.0,72.8,5,"python,ml,dl,java,linux",mobile,Jaipur,AI / Data Science,10.69
95.22,91.54,74.83,3,"c++,excel,linux",web,Lucknow,Software Development,9.41
85.23,93.56,72.47,3,"sql,js,aws",govt,Hyderabad,Data Analyst,10.37
83.81,77.65,63.3,2,"sql,ml",web,Kolkata,AI / Data Science,9.79
80.8,72.23,72.0,3,"ml,python,git",web,Bangalore,AI / Data Science,13.07
86.58,94.09,70.4,2,"html,git",web,Delhi,Software Development,10.31
84.28,94.92,79.49,4,"aws,excel,python,dl",govt,Lucknow,AI / Data Science,11.18
87.18,73.27,75.06,2,"css,sql",cloud,Kolkata,Software Development,8.1
97.51,99.0,75.94,2,"excel,c++",security,Bangalore,Cyber Security,14.54
47.55,44.26,38.26,0,,data,Lucknow,IT Support / Operations,2.0
88.57,85.53,55.59,2,"js,python",ai,Delhi,AI / Data Science,9.75
73.27,63.79,39.4,3,"git,linux,sql",cloud,Lucknow,Software Development,7.05
86.96,99.0,83.81,6,"linux,git,ml,css,html,python",cloud,Hyderabad,AI / Data Science,17.64
97.51,99.0,77.51,4,"sql,python,js,git",govt,Lucknow,Software Development,8.6
96.73,99.0,88.48,3,"js,dl,sql",web,Bangalore,AI / Data Science,15.27
67.36,71.64,68.48,2,"c++,linux",cloud,Jaipur,Cloud / DevOps,7.79
88.37,99.0,76.22,7,"linux,css,dl,c++,java,python,git",data,Kolkata,AI / Data Science,12.25
81.77,70.37,69.75,1,html,web,Noida,Software Development,9.18
81.9,78.33,72.11,1,c++,ai,Delhi,AI / Data Science,10.67
63.54,67.59,57.46,4,"python,dl,excel,aws",ai,Bijnor,Data Analyst,3.27
99.0,95.13,61.46,4,"html,js,css,sql",ai,Bhopal,AI / Data Science,10.09
86.42,82.59,65.71,4,"c++,linux,html,python",web,Noida,Software Development,9.08
66.61,80.59,68.98,2,"java,html",web,Pune,Software Development,9.16
98.55,98.05,64.01,4,"js,sql,excel,linux",security,Lucknow,Cyber Security,8.48
78.8,87.42,62.25,6,"linux,aws,git,sql,css,html",mobile,Pune,Cyber Security,11.47
69.85,73.23,76.72,0,,ai,Delhi,AI / Data Science,10.99
59.75,57.88,39.84,3,"js,dl,sql",ai,Delhi,IT Support / Operations,2.19
80.37,76.84,73.35,3,"js,excel,aws",mobile,Patna,Software Development,7.6
64.88,58.3,62.61,6,"sql,html,aws,css,git,ml",security,Bangalore,Data Analyst,8.52
83.13,70.64,74.86,2,"linux,js",cloud,Lucknow,Cloud / DevOps,8.28
59.83,62.4,66.82,3,"css,html,git",security,Kolkata,Cyber Security,6.18
52.61,55.03,53.7,1,linux,security,Noida,IT Support / Operations,2.63
84.46,91.1,62.92,5,"excel,js,sql,c++,git",mobile,Bijnor,Software Development,5.05
61.6,53.89,45.43,2,"html,java",mobile,Patna,IT Support / Operations,2.0
71.05,69.25,64.19,2,"ml,linux",ai,Noida,Software Development,8.09
73.06,72.35,60.59,0,,security,Delhi,Cyber Security,9.47
64.42,57.55,41.16,3,"ml,sql,python",cloud,Pune,IT Support / Operations,3.11
83.47,79.8,61.59,0,,data,Hyderabad,Data Analyst,6.12
69.16,66.22,59.82,1,css,cloud,Hyderabad,Software Development,6.75
88.72,95.87,89.24,3,"css,ml,js",ai,Bijnor,AI / Data Science,8.8
95.63,98.0,83.08,2,"css,aws",data,Noida,Software Development,12.88
96.28,99.0,92.6,1,c++,cloud,Hyderabad,Software Development,12.06
82.44,76.88,68.7,0,,security,Bangalore,Cyber Security,11.35
62.94,64.42,62.08,3,"aws,java,js",mobile,Bangalore,Software Development,11.6
88.48,84.51,80.98,7,"sql,git,python,ml,dl,css,java",mobile,Jaipur,AI / Data Science,11.38
75.11,74.51,68.74,0,,govt,Jaipur,Software Development,6.46
93.99,95.8,88.89,2,"sql,excel",mobile,Hyderabad,Data Analyst,12.25
79.09,74.6,71.91,1,linux,data,Bangalore,Software Development,8.15
78.0,86.67,73.59,6,"python,linux,sql,excel,java,ml",security,Kolkata,AI / Data Science,10.48
66.47,71.85,68.03,1,js,data,Delhi,Software Development,7.78
69.61,78.91,62.36,4,"sql,git,js,java",govt,Kolkata,Data Analyst,6.91
66.25,65.55,58.84,2,"js,dl",security,Pune,Software Development,7.24
80.07,84.16,87.04,3,"java,linux,ml",security,Hyderabad,AI / Data Science,13.96
69.83,77.79,63.71,0,,security,Bijnor,Software Development,5.24
83.86,99.0,71.37,0,,web,Jaipur,Web Development,8.28
59.05,57.91,62.19,3,"ml,excel,sql",mobile,Lucknow,Software Development,5.53
71.4,70.22,66.29,3,"dl,git,linux",data,Delhi,Data Analyst,5.08
59.88,58.99,52.57,2,"git,linux",security,Jaipur,IT Support / Operations,2.87
95.19,83.65,65.72,4,"linux,python,html,dl",security,Bhopal,AI / Data Science,10.95
99.0,99.0,87.49,4,"git,java,css,c++",data,Kolkata,Software Development,9.65
66.92,70.91,59.51,2,"css,aws",mobile,Patna,Software Development,5.44
77.23,69.15,57.11,5,"excel,python,java,aws,linux",web,Lucknow,Software Development,7.81
92.33,83.4,89.96,4,"dl,python,html,excel",security,Bijnor,AI / Data Science,8.04
99.0,99.0,91.58,3,"linux,git,c++",govt,Jaipur,Cyber Security,10.32
89.04,97.5,80.5,4,"linux,css,git,c++",security,Bhopal,Cyber Security,8.8
77.58,69.24,71.2,2,"java,sql",ai,Lucknow,AI / Data Science,10.2
55.92,55.66,54.18,2,"git,dl",govt,Delhi,IT Support / Operations,3.58
90.89,92.69,81.48,3,"git,linux,ml",cloud,Hyderabad,AI / Data Science,15.88
69.73,70.88,56.1,3,"css,linux,js",mobile,Bhopal,Software Development,7.71
60.25,70.32,64.87,1,linux,cloud,Kolkata,Cloud / DevOps,8.17
99.0,99.0,80.72,5,"ml,css,dl,c++,sql",cloud,Lucknow,AI / Data Science,12.01
83.83,94.94,79.06,1,python,ai,Bangalore,AI / Data Science,13.73
70.46,78.87,57.87,3,"excel,html,sql",data,Noida,Web Development,7.11
83.08,85.73,70.22,1,aws,govt,Noida,Software Development,10.46
76.45,79.18,74.1,5,"excel,linux,sql,aws,dl",security,Bijnor,AI / Data Science,6.73
90.08,89.58,72.54,4,"dl,git,ml,css",security,Bangalore,AI / Data Science,14.3
76.19,81.54,80.02,3,"aws,html,excel",security,Lucknow,Data Analyst,7.94
69.24,61.06,53.18,2,"c++,java",security,Hyderabad,Software Development,7.41
90.92,89.78,55.05,7,"c++,linux,dl,excel,python,js,sql",web,Jaipur,AI / Data Science,10.62
97.81,99.0,65.51,3,"git,aws,js",data,Hyderabad,Software Development,11.95
79.79,77.49,64.09,4,"css,java,js,html",web,Jaipur,Software Development,8.08
60.9,60.15,45.8,4,"linux,dl,c++,html",security,Jaipur,IT Support / Operations,4.02
80.98,67.97,64.44,2,"html,js",ai,Delhi,Web Development,6.0
83.66,69.01,53.61,0,,ai,Lucknow,Software Development,6.16
80.17,90.6,74.46,2,"js,excel",mobile,Pune,Data Analyst,8.31
60.45,67.91,37.06,2,"ml,git",web,Hyderabad,IT Support / Operations,2.78
70.53,66.1,65.04,5,"c++,css,java,ml,excel",security,Jaipur,Software Development,8.23
80.53,84.84,75.04,7,"java,dl,ml,python,linux,html,c++",security,Kolkata,AI / Data Science,12.21
86.66,87.52,77.0,8,"css,ml,git,java,html,dl,c++,js",data,Hyderabad,AI / Data Science,15.56
69.14,72.74,65.32,1,java,govt,Bhopal,Software Development,5.85
83.68,81.97,73.28,2,"java,css",ai,Delhi,AI / Data Science,14.37
78.78,73.8,64.28,3,"excel,dl,linux",cloud,Noida,AI / Data Science,9.35
86.38,84.36,81.86,4,"dl,html,aws,excel",govt,Bangalore,AI / Data Science,15.27
82.56,78.11,65.19,6,"git,html,dl,sql,java,python",mobile,Delhi,AI / Data Science,11.59
76.6,89.92,61.21,0,,ai,Jaipur,AI / Data Science,9.21
63.75,65.2,64.85,4,"html,aws,linux,python",cloud,Bangalore,Cyber Security,9.07
90.1,85.7,58.36,5,"python,sql,excel,linux,git",security,Kolkata,Software Development,9.04
55.99,61.44,55.11,3,"ml,aws,html",ai,Delhi,IT Support / Operations,4.15
77.06,88.03,76.05,5,"css,git,js,excel,ml",cloud,Noida,AI / Data Science,12.46
77.86,73.5,51.09,1,js,govt,Lucknow,Web Development,5.33
54.29,60.3,35.0,1,html,security,Kolkata,IT Support / Operations,2.0
93.08,88.54,66.91,0,,web,Patna,Web Development,4.62
77.05,72.42,58.47,4,"git,ml,excel,css",cloud,Pune,Data Analyst,9.48
87.63,94.52,62.42,0,,govt,Hyderabad,Software Development,7.26
68.76,58.91,56.22,5,"python,js,ml,java,dl",data,Jaipur,Software Development,7.06
75.16,81.16,66.94,1,aws,security,Kolkata,Software Development,7.73
77.85,78.86,61.88,0,,ai,Patna,AI / Data Science,8.27
78.96,88.07,65.36,1,linux,mobile,Hyderabad,Cyber Security,11.85
60.81,56.33,42.95,0,,ai,Jaipur,IT Support / Operations,2.5
59.23,50.32,48.08,0,,web,Hyderabad,IT Support / Operations,2.0
81.69,72.93,57.07,6,"excel,css,ml,html,java,git",ai,Kolkata,Software Development,8.16
91.26,72.4,63.16,1,sql,mobile,Delhi,Software Development,8.73
72.81,79.16,60.81,2,"ml,css",cloud,Jaipur,Software Development,6.72
81.68,96.19,69.51,4,"git,c++,java,css",cloud,Bhopal,Software Development,7.73
73.0,72.5,64.09,3,"excel,dl,html",govt,Jaipur,Data Analyst,6.63
79.41,77.82,51.37,3,"c++,sql,dl",cloud,Jaipur,Data Analyst,5.79
99.0,97.1,66.95,2,"excel,c++",ai,Delhi,AI / Data Science,13.05
72.83,81.59,70.68,4,"git,java,sql,dl",data,Bhopal,AI / Data Science,8.84
77.08,75.9,61.06,1,c++,data,Patna,Software Development,7.03
77.06,62.33,65.92,2,"html,aws",ai,Lucknow,Software Development,7.19
97.58,99.0,72.75,3,"c++,git,html",govt,Bangalore,Software Development,13.52
74.06,71.36,58.09,1,java,web,Kolkata,Web Development,5.71
77.18,80.09,81.79,1,sql,web,Hyderabad,Software Development,9.42
59.67,67.35,59.02,0,,cloud,Bhopal,Software Development,4.53
66.09,73.56,65.27,5,"sql,js,python,excel,git",govt,Noida,Data Analyst,9.17
78.39,79.21,66.0,6,"css,js,linux,git,c++,html",web,Hyderabad,Cyber Security,10.51
70.85,78.06,75.71,2,"java,python",ai,Bhopal,AI / Data Science,9.89
56.39,70.72,55.67,3,"git,dl,excel",web,Patna,Web Development,3.94
63.19,61.88,61.18,0,,data,Delhi,Software Development,6.13
78.39,73.01,64.78,0,,cloud,Patna,Software Development,5.53
83.0,81.11,59.04,2,"git,css",data,Lucknow,Software Development,7.69
41.45,47.17,41.97,1,html,cloud,Jaipur,IT Support / Operations,2.0
93.96,99.0,80.36,2,"aws,excel",cloud,Kolkata,Cloud / DevOps,10.65
70.38,76.6,60.99,0,,web,Hyderabad,Web Development,8.44
76.0,72.24,56.21,3,"python,dl,linux",govt,Bijnor,Cyber Security,5.31
84.39,99.0,69.34,1,js,govt,Kolkata,Software Development,8.01
85.69,88.85,67.91,0,,ai,Bijnor,AI / Data Science,7.42
94.78,99.0,81.99,1,git,web,Bangalore,Web Development,12.2
89.78,76.61,76.95,2,"dl,aws",ai,Bijnor,AI / Data Science,6.7
81.43,74.67,69.06,3,"css,sql,html",mobile,Patna,Data Analyst,4.91
77.7,87.9,54.64,2,"java,aws",data,Delhi,Software Development,9.52
55.94,75.13,77.26,3,"java,sql,python",web,Patna,Data Analyst,4.8
69.4,63.89,60.04,0,,mobile,Kolkata,Software Development,6.63
70.35,72.08,57.42,2,"dl,c++",cloud,Kolkata,Software Development,7.41
67.36,74.18,58.52,2,"java,python",ai,Jaipur,Software Development,6.77
63.4,76.43,46.08,1,java,data,Lucknow,Software Development,6.02
70.84,68.45,65.22,2,"js,linux",security,Jaipur,Cyber Security,7.81
88.52,83.05,76.17,3,"c++,linux,js",ai,Bhopal,AI / Data Science,8.28
94.5,91.98,82.68,4,"git,java,excel,css",govt,Pune,Data Analyst,11.54
67.93,68.48,41.58,4,"css,c++,python,dl",security,Pune,Software Development,7.21
67.35,73.53,62.16,5,"c++,js,java,css,git",data,Delhi,Web Development,7.75
79.56,81.63,70.64,0,,ai,Bhopal,AI / Data Science,8.68
69.37,71.01,53.5,1,python,web,Patna,Software Development,6.37
74.6,70.08,56.87,4,"python,c++,html,dl",ai,Noida,Web Development,7.52
62.9,68.76,63.53,4,"python,excel,js,css",govt,Noida,Web Development,6.63
74.76,66.31,67.9,2,"js,c++",mobile,Pune,Software Development,9.61
84.93,83.9,80.35,3,"linux,excel,html",mobile,Pune,Cyber Security,11.54
63.87,78.85,67.78,3,"git,ml,css",mobile,Hyderabad,Software Development,9.06
68.25,71.15,53.0,3,"sql,css,aws",security,Noida,Data Analyst,5.35
86.42,90.57,75.91,3,"excel,java,js",data,Kolkata,Web Development,8.8
75.17,71.91,57.2,3,"java,css,dl",web,Jaipur,Software Development,5.9
76.46,85.7,65.53,1,linux,mobile,Bhopal,Software Development,6.84
92.5,92.23,71.95,5,"js,ml,dl,linux,c++",cloud,Bijnor,AI / Data Science,7.78
71.75,56.62,51.84,2,"js,aws",security,Bangalore,Web Development,6.76
63.9,69.78,42.08,1,c++,govt,Jaipur,Software Development,6.11
67.51,72.53,56.78,2,"js,dl",cloud,Kolkata,Software Development,6.53
71.5,71.06,61.61,6,"sql,excel,git,dl,ml,linux",cloud,Pune,Cloud / DevOps,11.0
97.22,95.63,70.44,3,"python,c++,css",web,Hyderabad,Software Development,12.57
66.33,70.44,58.21,6,"git,python,sql,aws,c++,excel",cloud,Pune,Data Analyst,5.45
74.31,70.04,61.73,3,"git,dl,aws",data,Delhi,Data Analyst,8.39
69.41,67.46,54.76,2,"c++,linux",data,Bhopal,Data Analyst,4.97
85.63,79.06,57.89,1,js,mobile,Kolkata,Web Development,6.65
85.73,93.16,68.64,1,git,cloud,Noida,Software Development,7.5
78.29,70.18,47.28,5,"git,css,html,c++,python",ai,Bangalore,Web Development,7.58
89.47,90.58,65.21,0,,govt,Hyderabad,Software Development,10.14
92.76,99.0,65.92,4,"dl,linux,java,aws",data,Bhopal,AI / Data Science,10.07
78.49,89.78,67.6,2,"c++,css",cloud,Hyderabad,Software Development,9.64
75.17,67.66,68.94,2,"git,dl",mobile,Delhi,Software Development,9.7
77.5,85.51,59.73,5,"js,ml,c++,linux,java",data,Patna,AI / Data Science,7.81
53.53,43.7,53.02,4,"ml,java,excel,linux",cloud,Bhopal,IT Support / Operations,2.74
81.71,76.04,74.49,4,"excel,dl,aws,linux",mobile,Kolkata,AI / Data Science,9.04
54.45,46.33,40.0,6,"css,js,java,dl,html,excel",govt,Bijnor,IT Support / Operations,2.44
99.0,99.0,84.13,4,"c++,git,python,sql",cloud,Jaipur,Software Development,9.61
68.25,74.87,68.66,0,,web,Jaipur,Web Development,5.57
73.98,63.25,63.98,2,"dl,linux",ai,Kolkata,Cyber Security,6.63
88.2,81.73,69.33,6,"aws,python,html,sql,git,c++",web,Lucknow,Software Development,9.74
79.01,73.31,48.75,1,git,security,Kolkata,Software Development,7.23
83.46,72.96,58.44,2,"excel,ml",web,Pune,Web Development,6.62
77.52,66.29,59.26,4,"sql,java,html,c++",data,Bhopal,Data Analyst,5.71
64.02,64.84,58.61,3,"excel,css,linux",mobile,Lucknow,Cyber Security,6.5
98.31,99.0,75.03,8,"css,aws,sql,excel,dl,java,ml,c++",govt,Bijnor,AI / Data Science,9.17
75.46,81.44,67.52,7,"sql,java,js,ml,linux,aws,c++",ai,Noida,AI / Data Science,11.9
87.59,80.78,62.4,5,"excel,ml,git,js,dl",cloud,Bangalore,AI / Data Science,12.98
71.36,62.16,58.78,5,"aws,java,linux,ml,python",govt,Bhopal,Cyber Security,6.11
90.49,74.84,64.91,3,"js,aws,ml",security,Noida,AI / Data Science,12.2
85.44,80.75,65.38,3,"aws,css,sql",web,Bijnor,Software Development,5.73
70.4,75.09,62.5,1,ml,security,Bhopal,Cyber Security,6.2
47.44,58.01,48.26,3,"git,html,python",web,Patna,IT Support / Operations,2.0
61.23,70.85,57.66,4,"linux,python,html,c++",mobile,Bangalore,Web Development,7.87
89.27,87.04,60.81,0,,ai,Noida,AI / Data Science,9.5
93.03,86.8,75.12,4,"html,excel,java,js",data,Jaipur,Software Development,9.0
58.67,75.58,59.99,4,"git,ml,dl,java",web,Bijnor,Software Development,4.74
58.44,53.34,47.93,0,,govt,Delhi,IT Support / Operations,2.0
87.98,81.68,63.48,3,"aws,linux,python",cloud,Jaipur,Cloud / DevOps,7.06
74.73,84.6,59.33,3,"css,git,html",cloud,Lucknow,Software Development,6.55
75.81,81.63,70.41,5,"css,sql,ml,linux,aws",govt,Patna,AI / Data Science,9.33
63.46,66.06,49.54,2,"c++,aws",web,Bangalore,Web Development,7.19
88.98,86.96,61.95,5,"c++,ml,css,java,dl",web,Jaipur,AI / Data Science,9.52
80.01,89.31,64.95,5,"css,c++,sql,dl,excel",govt,Bijnor,AI / Data Science,6.84
94.44,99.0,79.14,4,"dl,java,linux,js",ai,Noida,AI / Data Science,15.19
76.12,90.94,72.04,3,"java,aws,js",mobile,Pune,Web Development,9.32
84.94,78.03,65.11,0,,web,Jaipur,Software Development,7.55
69.61,70.9,60.0,3,"html,aws,c++",web,Patna,Web Development,4.75
91.69,85.02,68.13,2,"git,java",ai,Patna,AI / Data Science,7.91
78.8,72.44,62.44,5,"html,aws,git,ml,python",web,Kolkata,Web Development,6.23
72.94,62.43,63.73,4,"python,sql,ml,excel",govt,Bijnor,Data Analyst,4.59
99.0,99.0,78.49,2,"git,html",web,Pune,Web Development,10.22
90.69,98.3,94.94,6,"excel,js,aws,css,dl,html",security,Pune,AI / Data Science,15.45
67.44,55.77,37.02,2,"dl,java",ai,Hyderabad,IT Support / Operations,2.55
71.73,59.6,45.94,3,"excel,aws,html",cloud,Patna,Web Development,4.06
82.14,85.37,79.26,1,js,security,Delhi,Software Development,8.23
64.07,54.91,58.06,6,"js,aws,excel,sql,ml,git",ai,Bhopal,Data Analyst,5.73
80.12,77.55,71.25,0,,ai,Lucknow,AI / Data Science,8.85
85.66,85.16,58.18,3,"aws,ml,c++",web,Kolkata,AI / Data Science,11.05
74.04,73.82,57.73,0,,data,Jaipur,Software Development,6.01
68.37,70.74,48.49,4,"ml,git,dl,css",web,Patna,Software Development,7.17
97.55,96.63,73.33,3,"ml,dl,java",govt,Bangalore,AI / Data Science,15.12
54.31,57.14,65.55,2,"excel,js",cloud,Bhopal,Software Development,5.05
71.87,51.44,51.81,1,html,ai,Jaipur,Software Development,5.6
92.15,99.0,68.85,3,"js,git,aws",mobile,Noida,Software Development,10.43
54.84,51.67,60.07,4,"python,css,c++,aws",web,Bhopal,IT Support / Operations,2.69
90.74,86.54,81.07,2,"html,css",govt,Kolkata,Software Development,10.78
81.59,77.99,71.57,4,"python,excel,linux,ml",mobile,Kolkata,AI / Data Science,10.48
55.48,67.79,50.24,3,"git,excel,linux",ai,Bangalore,Data Analyst,6.37
83.31,83.67,80.7,0,,mobile,Kolkata,Software Development,6.59
84.59,99.0,69.84,4,"dl,python,excel,css",web,Delhi,AI / Data Science,13.94
82.34,84.9,66.79,4,"git,java,dl,aws",security,Hyderabad,AI / Data Science,12.97
92.87,99.0,70.55,0,,cloud,Delhi,Software Development,8.37
78.9,87.18,70.37,4,"java,sql,c++,dl",web,Kolkata,AI / Data Science,10.99
87.06,89.22,71.0,4,"js,html,css,excel",cloud,Kolkata,Web Development,9.44
70.96,69.47,53.31,6,"excel,git,sql,js,java,linux",cloud,Kolkata,Cyber Security,8.18
67.45,56.78,55.32,5,"sql,aws,git,c++,excel",cloud,Delhi,Data Analyst,6.62
80.69,76.44,69.44,1,linux,cloud,Patna,Cloud / DevOps,6.44
81.94,84.28,73.56,2,"sql,linux",security,Hyderabad,Cyber Security,11.37
78.4,80.55,56.72,5,"dl,css,c++,sql,excel",ai,Patna,Data Analyst,6.56
99.0,85.25,64.87,4,"aws,java,git,css",security,Pune,Software Development,10.06
73.02,79.03,61.58,2,"css,sql",security,Kolkata,Software Development,7.08
56.47,51.94,43.15,0,,security,Jaipur,IT Support / Operations,2.0
58.59,61.63,45.54,2,"ml,sql",security,Delhi,IT Support / Operations,3.69
90.93,99.0,77.81,4,"c++,java,sql,excel",web,Patna,Software Development,8.74
67.28,64.17,54.6,0,,cloud,Jaipur,Software Development,6.08
80.51,77.33,69.13,4,"c++,excel,java,linux",web,Delhi,Software Development,11.47
92.17,95.4,67.92,1,c++,web,Bhopal,Software Development,6.56
71.75,80.59,60.27,2,"dl,linux",data,Kolkata,Software Development,6.37
59.1,57.12,51.81,3,"linux,aws,dl",cloud,Bangalore,IT Support / Operations,5.68
79.51,86.32,77.83,4,"java,git,html,sql",data,Bangalore,Software Development,11.14
69.33,56.04,72.32,3,"sql,excel,linux",web,Bijnor,Data Analyst,4.23
79.66,69.19,57.2,1,css,mobile,Hyderabad,Software Development,9.57
83.05,93.1,76.78,3,"js,sql,aws",ai,Noida,AI / Data Science,12.97
99.0,99.0,81.74,5,"aws,excel,git,dl,html",mobile,Lucknow,AI / Data Science,12.0
71.37,72.59,60.04,2,"java,aws",web,Bhopal,Web Development,5.63
89.38,93.46,78.12,3,"java,c++,sql",govt,Patna,Data Analyst,7.16
87.13,91.24,84.1,3,"css,java,dl",ai,Jaipur,AI / Data Science,11.7
99.0,98.96,93.01,3,"sql,excel,html",ai,Bijnor,AI / Data Science,8.58
98.49,92.32,66.56,1,git,govt,Noida,Software Development,9.54
55.46,60.3,37.49,0,,mobile,Bijnor,IT Support / Operations,2.0
74.05,88.69,62.95,4,"java,c++,git,python",security,Bhopal,Cyber Security,6.97
82.2,75.04,73.54,8,"linux,java,html,css,js,ml,git,aws",data,Hyderabad,AI / Data Science,13.55
87.87,81.17,73.58,2,"dl,aws",govt,Jaipur,AI / Data Science,9.98
90.01,86.92,55.32,1,ml,web,Hyderabad,AI / Data Science,13.07
52.33,51.16,56.84,7,"css,html,sql,js,ml,git,linux",mobile,Patna,IT Support / Operations,2.84
67.55,73.35,62.9,2,"c++,dl",web,Jaipur,Software Development,5.72
91.63,93.08,58.39,0,,ai,Patna,AI / Data Science,7.34
99.0,98.51,73.14,4,"html,excel,dl,git",security,Bijnor,AI / Data Science,9.14
80.5,71.94,77.18,1,aws,web,Bangalore,Web Development,9.24
89.69,99.0,80.7,7,"dl,js,linux,sql,html,java,git",mobile,Bijnor,AI / Data Science,8.3
77.67,83.11,76.23,4,"sql,dl,ml,aws",data,Noida,AI / Data Science,11.09
82.73,89.36,65.18,3,"sql,git,c++",web,Jaipur,Software Development,7.59
76.15,68.57,51.5,0,,data,Bhopal,Data Analyst,3.84
76.33,91.99,75.62,2,"css,python",mobile,Bhopal,Software Development,7.27
84.85,88.83,74.62,6,"python,excel,java,sql,git,css",cloud,Bijnor,Data Analyst,5.52
56.81,60.52,60.86,2,"aws,sql",web,Patna,Software Development,6.12
67.44,59.28,62.62,4,"html,java,git,dl",mobile,Bijnor,Web Development,4.84
83.55,87.83,50.37,0,,web,Pune,Web Development,7.0
85.38,89.61,72.46,2,"aws,python",ai,Kolkata,AI / Data Science,9.96
76.64,75.49,61.92,3,"js,dl,excel",data,Bangalore,Data Analyst,8.67
85.58,84.39,74.88,2,"css,ml",govt,Kolkata,AI / Data Science,11.71
99.0,97.03,60.2,1,css,cloud,Bangalore,Software Development,10.99
82.29,82.81,75.04,3,"html,linux,sql",ai,Kolkata,AI / Data Science,11.06
63.62,57.54,55.41,0,,data,Patna,Data Analyst,3.56
74.34,70.32,82.11,5,"js,sql,dl,python,ml",security,Kolkata,AI / Data Science,10.44
89.98,86.36,70.96,7,"python,aws,js,git,excel,c++,html",security,Kolkata,Data Analyst,9.29
86.82,99.0,63.8,0,,data,Lucknow,Data Analyst,7.48
63.6,60.77,51.2,1,dl,govt,Delhi,Software Development,5.34
69.52,72.43,54.28,0,,govt,Delhi,Software Development,6.29
72.2,76.45,56.72,2,"linux,git",cloud,Noida,Cloud / DevOps,8.93
65.98,62.16,57.83,3,"excel,java,sql",cloud,Bijnor,Software Development,5.24
88.42,99.0,71.73,6,"html,aws,ml,css,python,excel",ai,Bhopal,AI / Data Science,9.89
73.43,66.9,59.02,0,,govt,Bijnor,Software Development,4.47
69.56,83.09,64.58,0,,data,Kolkata,Software Development,7.26
76.51,83.96,77.64,3,"git,dl,c++",web,Patna,AI / Data Science,7.89
79.02,80.85,57.99,4,"git,css,python,html",web,Bijnor,Web Development,5.49
71.63,63.2,71.55,4,"excel,aws,python,sql",web,Lucknow,Data Analyst,5.61
71.6,80.07,50.17,0,,data,Pune,Software Development,7.91
61.42,63.19,44.41,0,,govt,Patna,IT Support / Operations,2.53
93.2,76.93,59.61,4,"css,c++,aws,python",data,Delhi,Data Analyst,10.04
83.37,83.3,76.09,0,,govt,Bhopal,Software Development,7.84
76.11,76.1,68.08,3,"dl,python,java",data,Noida,AI / Data Science,11.99
73.99,79.69,67.89,2,"sql,linux",mobile,Hyderabad,Data Analyst,8.01
58.85,59.13,50.36,0,,mobile,Bhopal,IT Support / Operations,2.0
94.32,99.0,71.25,4,"html,c++,sql,dl",mobile,Bijnor,AI / Data Science,8.55
79.21,81.3,70.02,4,"sql,git,python,java",cloud,Patna,Data Analyst,7.76
83.72,79.8,66.47,1,ml,security,Hyderabad,AI / Data Science,12.4
84.65,92.77,77.5,3,"css,git,aws",cloud,Lucknow,Cloud / DevOps,9.09
68.42,57.9,53.89,0,,cloud,Bhopal,Software Development,3.83
57.61,48.51,49.15,1,excel,govt,Bangalore,IT Support / Operations,2.07
83.25,86.32,68.42,4,"sql,dl,ml,css",cloud,Patna,AI / Data Science,9.17
90.43,97.03,76.27,3,"html,linux,python",security,Pune,Cyber Security,13.0
71.93,70.49,67.0,1,ml,security,Noida,Cyber Security,9.13
95.97,86.03,60.09,3,"aws,sql,html",data,Patna,Data Analyst,6.5
75.0,72.06,61.56,0,,govt,Noida,Software Development,8.14
84.64,99.0,67.01,5,"css,java,js,linux,ml",cloud,Bijnor,AI / Data Science,8.31
65.91,65.9,48.42,0,,security,Bhopal,Software Development,4.78
78.36,99.0,78.5,9,"sql,git,ml,css,linux,dl,excel,c++,js",govt,Lucknow,AI / Data Science,12.14
57.34,63.73,51.73,2,"css,dl",web,Noida,Web Development,5.61
87.68,70.99,61.03,5,"git,java,dl,js,excel",cloud,Noida,AI / Data Science,12.41
99.0,99.0,79.21,6,"excel,linux,dl,java,aws,js",data,Bhopal,AI / Data Science,10.39
67.21,71.62,52.73,2,"python,excel",govt,Lucknow,Software Development,4.9
79.06,76.24,63.4,6,"excel,ml,js,linux,aws,c++",data,Hyderabad,AI / Data Science,12.11
70.31,67.12,58.05,3,"aws,java,ml",mobile,Pune,Software Development,10.2
77.6,87.28,68.04,2,"java,python",cloud,Noida,Software Development,9.03
77.61,76.69,62.88,2,"java,aws",cloud,Noida,Cloud / DevOps,9.04
52.49,51.72,47.83,0,,govt,Delhi,IT Support / Operations,2.0
74.99,68.75,69.02,0,,cloud,Hyderabad,Software Development,8.27
81.37,90.58,71.62,2,"java,aws",data,Patna,Data Analyst,6.28
75.21,77.19,63.39,2,"excel,sql",govt,Patna,Software Development,6.44
85.62,81.67,73.19,4,"css,python,git,dl",mobile,Bijnor,AI / Data Science,6.99
80.44,83.72,64.05,3,"java,js,html",mobile,Bhopal,Software Development,7.79
87.42,73.2,71.94,3,"js,excel,python",web,Lucknow,Software Development,7.7
82.86,82.58,61.07,5,"excel,c++,sql,js,aws",govt,Hyderabad,Web Development,9.94
75.75,68.33,56.11,3,"git,dl,js",govt,Hyderabad,Software Development,7.97
69.59,55.9,57.43,0,,mobile,Hyderabad,Software Development,6.66
79.72,65.91,58.81,2,"c++,sql",cloud,Delhi,Data Analyst,6.19
71.69,79.86,73.94,1,python,security,Lucknow,Software Development,8.31
99.0,94.08,82.47,7,"java,js,dl,css,sql,c++,excel",mobile,Delhi,AI / Data Science,16.87
66.21,55.97,44.55,2,"git,c++",govt,Bijnor,IT Support / Operations,3.6
94.85,99.0,86.0,2,"html,css",mobile,Jaipur,Web Development,7.89
94.75,93.38,85.83,3,"dl,java,linux",govt,Kolkata,AI / Data Science,12.26
45.4,51.0,38.32,1,aws,mobile,Bhopal,IT Support / Operations,2.0
75.13,71.12,61.23,2,"excel,dl",cloud,Lucknow,Software Development,7.91
97.89,94.54,85.43,4,"js,git,c++,python",mobile,Hyderabad,Web Development,13.52
82.32,91.81,63.23,2,"linux,aws",security,Delhi,Software Development,8.87
53.56,63.97,56.92,6,"excel,c++,ml,dl,linux,git",ai,Delhi,Software Development,8.81
92.07,96.31,63.81,2,"python,js",ai,Pune,AI / Data Science,14.45
91.28,73.08,65.89,9,"java,css,js,sql,dl,git,ml,linux,html",web,Noida,AI / Data Science,12.49
70.02,55.64,53.76,0,,security,Pune,Software Development,7.04
86.39,81.36,67.77,3,"js,html,c++",cloud,Delhi,Software Development,10.4
99.0,98.34,84.26,3,"linux,aws,excel",web,Patna,Data Analyst,9.58
93.04,99.0,73.13,0,,security,Bijnor,Software Development,7.04
69.55,61.12,55.2,2,"html,dl",govt,Noida,Software Development,7.88
73.25,68.9,49.04,2,"css,python",web,Bangalore,Web Development,8.33
69.04,54.01,47.27,3,"git,ml,python",data,Bhopal,Data Analyst,3.82
93.71,94.14,79.15,5,"java,css,dl,python,linux",mobile,Hyderabad,AI / Data Science,15.02
72.43,82.12,63.95,6,"linux,aws,dl,git,ml,html",data,Bhopal,AI / Data Science,9.3
95.4,85.24,66.21,4,"js,c++,excel,linux",govt,Bhopal,Cyber Security,9.06
75.19,66.19,60.23,5,"excel,ml,python,js,git",security,Kolkata,Cyber Security,7.45
89.3,91.37,65.52,0,,security,Hyderabad,Software Development,10.4
99.0,96.64,88.13,3,"python,dl,git",data,Bijnor,AI / Data Science,8.19
85.34,87.12,76.74,6,"dl,aws,css,python,excel,linux",mobile,Jaipur,AI / Data Science,11.01
68.96,76.69,54.73,0,,govt,Delhi,Software Development,7.37
61.14,62.44,43.42,2,"excel,css",govt,Jaipur,IT Support / Operations,4.37
93.67,98.2,76.16,2,"js,ml",ai,Hyderabad,AI / Data Science,15.34
67.08,73.16,54.15,0,,security,Bhopal,Software Development,4.86
61.17,64.12,60.56,5,"js,git,java,ml,css",data,Pune,Web Development,6.47
99.0,96.17,76.51,4,"c++,excel,dl,git",data,Kolkata,AI / Data Science,13.98
78.65,87.04,59.85,3,"dl,ml,aws",web,Hyderabad,AI / Data Science,12.23
87.04,87.84,65.87,0,,mobile,Delhi,Software Development,8.04
83.62,97.89,71.55,0,,ai,Patna,AI / Data Science,9.31
72.63,68.12,72.34,5,"python,excel,html,sql,css",mobile,Pune,Data Analyst,8.46
71.79,82.91,74.67,7,"css,dl,sql,aws,java,git,linux",web,Kolkata,AI / Data Science,11.26
77.55,87.36,73.8,2,"dl,c++",cloud,Hyderabad,AI / Data Science,12.68
64.33,64.48,48.95,5,"dl,c++,js,java,html",web,Pune,Web Development,6.9
71.26,59.83,65.39,4,"ml,dl,linux,excel",security,Delhi,Software Development,7.48
71.82,70.69,66.07,2,"aws,sql",security,Pune,Data Analyst,5.66
75.17,78.64,73.95,4,"css,html,git,excel",security,Delhi,Data Analyst,9.53
99.0,98.77,84.13,5,"c++,linux,dl,ml,python",ai,Bhopal,AI / Data Science,11.45
90.88,84.05,78.95,5,"ml,python,linux,dl,js",data,Lucknow,AI / Data Science,12.02
66.77,47.84,41.96,0,,mobile,Delhi,IT Support / Operations,2.08
78.36,66.94,65.85,3,"c++,java,js",web,Lucknow,Software Development,6.59
67.49,71.75,52.29,2,"css,js",mobile,Pune,Software Development,9.23
97.29,99.0,69.65,5,"python,git,linux,aws,java",govt,Noida,Cyber Security,12.98
79.61,84.22,57.51,3,"excel,css,git",ai,Pune,AI / Data Science,11.25
96.91,90.0,75.97,5,"java,sql,linux,excel,css",web,Patna,Software Development,7.84
99.0,96.23,76.08,5,"css,git,ml,html,dl",security,Kolkata,AI / Data Science,13.91
81.9,85.62,68.64,2,"python,sql",web,Patna,Software Development,7.62
75.55,73.22,65.62,4,"sql,git,css,dl",mobile,Noida,Data Analyst,8.46
98.57,99.0,78.75,6,"java,linux,dl,sql,c++,aws",ai,Pune,AI / Data Science,14.14
74.16,75.32,47.65,0,,mobile,Hyderabad,Software Development,7.05
86.65,89.21,67.37,4,"java,css,git,python",data,Patna,Data Analyst,6.78
75.35,76.88,54.08,2,"html,aws",web,Hyderabad,Software Development,9.56
86.94,85.0,73.49,0,,data,Delhi,Data Analyst,7.59
74.08,90.1,65.0,3,"git,java,css",web,Lucknow,Software Development,8.22
78.66,84.9,76.46,2,"git,css",security,Hyderabad,Software Development,11.13
96.02,91.61,68.42,4,"excel,ml,python,css",mobile,Jaipur,AI / Data Science,9.23
80.55,72.51,57.9,6,"c++,html,dl,sql,ml,linux",govt,Delhi,Software Development,8.24
72.17,60.27,47.35,3,"html,excel,sql",ai,Bhopal,Web Development,4.05
63.37,77.98,43.67,5,"css,dl,python,html,java",mobile,Bijnor,Web Development,4.4
56.84,57.39,52.24,1,dl,cloud,Noida,IT Support / Operations,2.18
78.65,77.21,61.98,6,"linux,js,aws,dl,html,python",mobile,Pune,AI / Data Science,14.11
87.98,75.29,64.81,3,"python,sql,aws",web,Bijnor,Web Development,5.54
93.64,86.4,69.36,6,"linux,dl,js,html,ml,excel",govt,Bangalore,AI / Data Science,16.7
56.88,49.32,53.61,3,"html,git,ml",ai,Noida,IT Support / Operations,3.43
61.55,67.09,64.49,4,"excel,dl,c++,aws",govt,Bhopal,Software Development,5.22
74.42,73.26,54.09,2,"git,java",data,Lucknow,Software Development,5.72
74.25,82.49,62.55,3,"sql,dl,js",security,Bangalore,AI / Data Science,13.25
83.26,87.61,49.34,2,"c++,js",mobile,Noida,Web Development,7.83
73.02,85.04,76.61,5,"linux,sql,ml,html,git",mobile,Patna,AI / Data Science,9.53
66.53,64.45,58.81,3,"python,ml,git",cloud,Bangalore,Software Development,9.0
85.36,80.35,69.8,3,"excel,java,python",web,Jaipur,Data Analyst,7.23
73.9,76.57,70.16,7,"ml,excel,aws,git,css,js,java",security,Lucknow,AI / Data Science,10.09
74.6,74.22,51.09,0,,cloud,Patna,Software Development,5.8
76.23,76.48,62.05,5,"sql,excel,ml,css,git",ai,Kolkata,Data Analyst,7.14
51.99,44.71,46.7,2,"css,java",mobile,Jaipur,IT Support / Operations,2.0
76.08,67.97,63.13,2,"dl,ml",mobile,Bijnor,Software Development,4.97
75.57,76.97,67.13,3,"js,css,linux",data,Pune,Data Analyst,6.65
82.16,77.12,59.87,0,,govt,Hyderabad,Software Development,8.37
69.41,76.95,73.26,2,"html,java",data,Bijnor,Software Development,5.87
59.95,69.58,60.8,4,"c++,excel,html,linux",govt,Pune,Software Development,7.64
79.19,79.14,54.79,2,"css,aws",security,Pune,Software Development,8.89
89.98,95.13,91.41,8,"html,linux,sql,js,dl,java,excel,c++",mobile,Lucknow,AI / Data Science,12.75
85.35,72.87,56.75,3,"java,linux,css",mobile,Bangalore,Software Development,9.71
62.01,48.79,56.51,3,"excel,dl,python",ai,Bijnor,IT Support / Operations,2.52
92.94,99.0,67.6,0,,mobile,Patna,Software Development,7.81
73.67,64.03,50.27,1,ml,ai,Jaipur,Software Development,5.26
76.93,71.92,70.64,4,"sql,html,git,js",ai,Noida,AI / Data Science,11.11
59.75,61.28,46.39,2,"dl,ml",web,Hyderabad,Web Development,7.34
90.32,85.28,59.3,0,,ai,Pune,AI / Data Science,12.41
99.0,99.0,87.52,8,"excel,dl,python,js,aws,git,ml,java",cloud,Hyderabad,AI / Data Science,17.53
87.98,94.36,62.43,6,"ml,excel,git,linux,css,c++",ai,Delhi,AI / Data Science,14.38
62.59,61.75,72.43,2,"ml,html",web,Bangalore,Web Development,6.44
79.64,79.68,86.86,7,"python,dl,ml,js,java,html,c++",govt,Bangalore,AI / Data Science,15.0
64.01,61.95,70.16,2,"excel,linux",cloud,Bijnor,Cloud / DevOps,4.84
65.64,61.33,51.33,2,"c++,css",govt,Jaipur,Software Development,6.65
80.83,77.74,58.18,3,"html,git,js",web,Delhi,Software Development,6.63
60.51,61.51,73.94,6,"linux,aws,js,excel,ml,java",ai,Lucknow,Software Development,7.43
91.98,96.98,74.78,6,"js,c++,dl,java,ml,sql",web,Bhopal,AI / Data Science,9.2
76.29,70.63,48.13,1,aws,mobile,Hyderabad,Software Development,8.55
77.61,84.25,59.41,0,,mobile,Pune,Software Development,8.07
99.0,97.63,69.66,2,"excel,c++",security,Delhi,Cyber Security,10.26
91.38,86.72,75.54,3,"git,css,java",web,Bijnor,Software Development,6.65
83.5,74.66,73.27,2,"excel,ml",cloud,Bijnor,AI / Data Science,6.64
86.66,65.85,74.82,5,"excel,java,linux,python,c++",govt,Kolkata,Cyber Security,9.31
68.66,78.35,60.65,3,"aws,sql,linux",web,Lucknow,Software Development,5.95
74.33,82.72,58.26,1,js,web,Hyderabad,Software Development,9.55
54.2,45.6,52.96,5,"java,dl,ml,sql,aws",govt,Bijnor,IT Support / Operations,2.07
71.93,82.16,59.21,6,"sql,c++,python,ml,js,git",data,Kolkata,Web Development,8.54
78.73,94.14,71.15,5,"js,c++,dl,aws,excel",ai,Kolkata,AI / Data Science,13.48
92.73,99.0,86.61,6,"aws,excel,dl,js,sql,java",ai,Bhopal,AI / Data Science,11.37
67.59,67.7,58.65,6,"css,ml,java,aws,html,dl",cloud,Noida,Web Development,7.72
85.48,83.92,63.48,3,"linux,css,dl",web,Noida,AI / Data Science,14.22
93.27,80.64,67.61,2,"aws,sql",mobile,Bhopal,Software Development,7.21
73.73,84.4,63.04,1,python,mobile,Bangalore,Software Development,8.73
84.55,80.83,81.53,0,,web,Bangalore,Web Development,11.3
91.76,82.86,61.77,5,"git,js,css,html,aws",cloud,Kolkata,Cloud / DevOps,9.1
92.16,89.53,65.03,6,"js,python,java,git,dl,aws",govt,Bijnor,AI / Data Science,8.61
63.91,61.06,66.92,3,"python,js,java",data,Bijnor,Web Development,4.29
66.92,71.22,67.56,4,"git,sql,linux,c++",security,Bijnor,Software Development,5.47
87.32,88.9,53.88,3,"python,css,dl",data,Delhi,AI / Data Science,11.87
42.93,35.0,35.0,2,"ml,html",data,Hyderabad,IT Support / Operations,2.0
72.63,76.73,80.18,3,"java,css,excel",ai,Lucknow,AI / Data Science,10.11
81.09,94.15,62.05,7,"java,excel,css,dl,c++,aws,git",mobile,Pune,AI / Data Science,12.71
85.73,83.82,65.35,3,"git,python,linux",mobile,Bijnor,Cyber Security,5.43
75.6,66.14,40.48,2,"excel,git",data,Noida,Software Development,7.09
84.21,83.14,65.28,6,"js,linux,css,dl,ml,html",data,Patna,AI / Data Science,8.63
97.54,99.0,91.59,3,"c++,ml,sql",govt,Delhi,AI / Data Science,13.79
89.47,98.94,66.63,0,,mobile,Delhi,Software Development,9.98
52.62,49.23,46.16,1,dl,govt,Noida,IT Support / Operations,2.0
91.77,86.05,72.68,3,"linux,java,aws",security,Hyderabad,Cyber Security,10.5
71.75,63.99,61.72,0,,web,Kolkata,Software Development,5.77
75.82,66.38,63.49,6,"css,java,linux,excel,python,js",cloud,Hyderabad,Cloud / DevOps,11.75
69.52,75.28,60.12,2,"css,dl",cloud,Lucknow,Software Development,5.38
53.98,52.78,42.06,2,"linux,aws",cloud,Bijnor,IT Support / Operations,2.0
72.34,72.81,44.2,0,,security,Hyderabad,Software Development,6.05
61.37,62.77,62.66,4,"css,c++,linux,sql",ai,Noida,Data Analyst,6.92
84.36,86.8,61.45,4,"sql,python,c++,ml",data,Noida,AI / Data Science,12.61
68.21,70.44,65.08,2,"git,python",mobile,Patna,Software Development,5.99
71.91,79.01,48.77,0,,data,Pune,Software Development,6.69
90.54,94.56,80.68,2,"java,git",web,Noida,Software Development,11.19
68.99,73.11,45.23,3,"aws,python,html",security,Noida,Software Development,8.95
86.03,99.0,66.22,3,"linux,ml,html",ai,Kolkata,AI / Data Science,11.05
82.7,71.38,63.07,1,excel,security,Delhi,Data Analyst,6.37
93.65,99.0,64.27,3,"dl,ml,python",ai,Jaipur,AI / Data Science,10.39
90.23,89.21,82.17,3,"ml,java,css",govt,Bhopal,AI / Data Science,10.51
89.71,91.79,68.83,7,"ml,excel,js,dl,sql,c++,linux",ai,Bangalore,AI / Data Science,17.27
65.65,77.31,44.44,1,java,security,Hyderabad,Software Development,7.26
60.19,70.41,55.22,2,"ml,git",web,Delhi,Web Development,7.19
80.54,74.96,74.43,1,dl,mobile,Kolkata,AI / Data Science,10.08
63.69,56.26,61.04,3,"git,python,css",data,Kolkata,Software Development,7.22
69.84,56.53,56.1,5,"js,excel,c++,git,dl",mobile,Hyderabad,Data Analyst,8.22
35.0,35.0,39.29,0,,mobile,Lucknow,IT Support / Operations,2.0
67.46,78.77,51.53,0,,web,Bangalore,Software Development,9.78
81.79,77.02,49.57,0,,mobile,Patna,Software Development,5.4
91.15,92.73,73.28,3,"js,python,ml",data,Jaipur,AI / Data Science,10.61
73.31,69.87,46.47,1,python,web,Jaipur,Web Development,4.65
78.86,92.55,63.89,0,,web,Delhi,Software Development,9.13
76.08,73.0,55.89,3,"python,git,sql",web,Pune,Web Development,7.6
67.82,54.92,44.39,4,"java,aws,git,linux",data,Lucknow,Data Analyst,5.07
87.61,92.48,76.91,4,"java,html,excel,css",ai,Kolkata,AI / Data Science,11.48
78.23,59.04,52.98,2,"git,sql",ai,Kolkata,Data Analyst,5.6
79.23,81.82,70.38,1,c++,govt,Bangalore,Software Development,9.83
88.26,83.5,72.7,2,"aws,java",mobile,Noida,Software Development,8.96
77.87,70.34,58.57,3,"html,css,aws",security,Patna,Cyber Security,6.75
67.28,70.26,70.72,3,"css,js,python",security,Bijnor,Cyber Security,5.69
71.0,65.71,49.87,0,,govt,Noida,Software Development,5.43
96.47,93.05,81.77,4,"excel,ml,js,python",mobile,Patna,AI / Data Science,9.42
86.89,84.63,66.65,1,java,data,Delhi,Software Development,8.93
63.94,69.45,65.84,2,"css,dl",data,Delhi,Data Analyst,5.39
60.51,63.23,48.67,1,python,mobile,Jaipur,IT Support / Operations,2.24
71.11,78.08,66.29,2,"python,c++",mobile,Jaipur,Software Development,7.58
82.81,79.26,64.62,0,,cloud,Bhopal,Software Development,7.9
52.06,55.92,53.08,4,"js,css,linux,excel",web,Bangalore,IT Support / Operations,2.68
46.64,42.53,40.93,0,,security,Patna,IT Support / Operations,2.0
74.48,70.92,65.14,0,,data,Bangalore,Software Development,9.32
89.21,91.93,90.01,4,"sql,linux,ml,python",data,Pune,AI / Data Science,13.77
82.05,84.92,66.0,2,"dl,git",govt,Bijnor,AI / Data Science,7.38
71.13,64.37,56.03,1,css,web,Bijnor,Web Development,3.84
88.6,92.73,77.12,5,"dl,aws,css,ml,git",data,Bhopal,AI / Data Science,11.07
68.04,65.78,51.74,5,"git,java,js,aws,excel",mobile,Bangalore,Software Development,7.59
83.58,83.01,63.29,6,"java,python,git,ml,dl,linux",data,Hyderabad,AI / Data Science,14.06
86.36,82.83,71.09,3,"dl,c++,html",cloud,Kolkata,AI / Data Science,11.39
75.02,79.85,72.36,6,"python,js,git,ml,dl,sql",mobile,Delhi,AI / Data Science,13.62
68.98,77.33,62.18,0,,security,Bangalore,Software Development,8.9
64.77,70.65,59.71,1,html,web,Bijnor,Software Development,5.48
89.89,88.92,78.4,3,"ml,excel,git",ai,Bhopal,AI / Data Science,10.56
78.98,75.45,48.04,3,"c++,excel,dl",govt,Hyderabad,Software Development,10.1
67.82,64.75,63.58,4,"ml,dl,aws,js",security,Pune,Software Development,8.3
85.15,87.65,64.8,0,,web,Noida,Web Development,9.76
98.85,99.0,74.43,0,,web,Kolkata,Web Development,9.33
99.0,95.95,75.23,2,"linux,sql",mobile,Lucknow,Cyber Security,8.78
73.94,85.67,54.59,0,,mobile,Bhopal,Software Development,6.23
76.06,76.57,60.58,7,"js,excel,aws,dl,python,git,sql",cloud,Jaipur,Cloud / DevOps,8.97
99.0,99.0,68.05,0,,ai,Jaipur,AI / Data Science,10.65
80.7,83.27,59.58,4,"dl,c++,git,css",ai,Patna,AI / Data Science,8.05
72.06,64.57,57.2,0,,data,Pune,Data Analyst,4.6
84.02,83.79,71.26,3,"aws,java,html",govt,Delhi,Web Development,10.13
86.12,87.67,82.97,4,"excel,git,ml,java",data,Delhi,AI / Data Science,14.51
76.64,73.58,55.18,3,"sql,ml,linux",mobile,Noida,Cyber Security,9.7
93.83,99.0,81.3,1,dl,ai,Bijnor,AI / Data Science,7.2
68.02,69.66,62.69,2,"python,java",mobile,Hyderabad,Software Development,8.17
89.96,87.59,71.96,1,python,govt,Pune,Software Development,8.02
84.57,77.09,63.97,5,"git,c++,css,excel,python",web,Bhopal,Web Development,7.11
59.89,59.85,56.82,2,"html,sql",ai,Patna,Data Analyst,2.47
63.48,65.44,58.41,4,"java,git,python,ml",ai,Delhi,Software Development,8.33
77.28,84.2,57.46,3,"excel,java,git",security,Jaipur,Data Analyst,6.61
87.87,90.55,73.89,1,css,ai,Jaipur,AI / Data Science,10.4
62.26,63.52,61.84,0,,data,Pune,Software Development,6.77
86.76,83.79,65.11,5,"linux,excel,aws,css,ml",security,Hyderabad,AI / Data Science,15.68
61.13,50.51,39.8,1,git,mobile,Lucknow,IT Support / Operations,3.21
59.62,47.83,47.37,1,linux,data,Lucknow,IT Support / Operations,2.31
68.64,66.7,61.39,5,"dl,c++,ml,python,java",govt,Noida,Software Development,8.94
57.62,47.18,39.26,0,,govt,Noida,IT Support / Operations,2.0
84.25,78.36,57.72,2,"sql,dl",cloud,Hyderabad,AI / Data Science,12.35
72.68,70.52,73.02,5,"python,css,sql,linux,aws",web,Bijnor,Web Development,4.9
94.53,99.0,70.62,4,"c++,sql,linux,js",mobile,Patna,Data Analyst,8.29
67.51,68.75,66.28,2,"c++,sql",mobile,Kolkata,Software Development,5.47
77.54,89.8,67.4,4,"js,html,ml,linux",data,Hyderabad,AI / Data Science,14.49
74.18,78.5,67.21,2,"linux,java",ai,Bangalore,AI / Data Science,11.87
97.51,99.0,74.6,3,"js,ml,java",ai,Patna,AI / Data Science,9.82
98.09,90.88,68.04,0,,data,Noida,Software Development,8.35
78.41,90.91,63.63,2,"excel,git",ai,Pune,AI / Data Science,13.13
82.64,89.68,64.42,4,"css,dl,sql,c++",security,Hyderabad,AI / Data Science,12.68
86.27,78.73,73.74,3,"css,js,python",security,Kolkata,Software Development,8.81
84.05,79.72,51.51,1,c++,web,Patna,Software Development,6.09
71.88,67.26,61.55,1,html,security,Lucknow,Software Development,5.41
78.73,75.1,58.59,5,"sql,html,java,linux,dl",cloud,Pune,Cloud / DevOps,11.46
90.9,99.0,86.27,0,,ai,Lucknow,AI / Data Science,10.96
81.94,91.74,80.16,4,"python,java,ml,c++",mobile,Pune,AI / Data Science,13.36
71.0,82.25,65.24,0,,cloud,Bijnor,Software Development,4.55
59.99,48.65,44.69,0,,cloud,Bhopal,IT Support / Operations,2.0
80.79,82.19,47.02,2,"sql,java",data,Kolkata,Data Analyst,6.3
83.38,93.85,73.66,2,"js,python",mobile,Noida,Software Development,10.01
64.04,65.41,54.62,0,,govt,Bhopal,Software Development,5.05
96.28,90.98,85.81,4,"js,ml,html,java",ai,Bangalore,AI / Data Science,16.47
99.0,99.0,73.26,4,"ml,c++,html,excel",web,Lucknow,AI / Data Science,12.58
67.97,65.84,65.45,3,"ml,aws,java",ai,Bhopal,Software Development,6.45
94.39,84.65,82.14,0,,cloud,Pune,Software Development,11.08
76.69,82.07,58.84,0,,security,Pune,Cyber Security,8.49
68.17,75.81,50.81,0,,web,Bhopal,Software Development,4.58
92.28,99.0,80.25,3,"excel,python,linux",ai,Patna,AI / Data Science,9.91
79.82,73.34,68.27,1,linux,govt,Bijnor,Software Development,5.2
99.0,93.72,87.65,5,"git,dl,html,sql,python",cloud,Noida,AI / Data Science,13.98
84.85,85.8,72.86,3,"python,dl,aws",web,Kolkata,AI / Data Science,11.74
70.96,64.95,49.58,0,,data,Jaipur,Software Development,5.22
80.52,83.55,64.49,4,"python,js,linux,git",mobile,Bijnor,Web Development,4.9
70.16,77.48,71.45,0,,cloud,Lucknow,Software Development,7.41
64.85,58.82,42.93,2,"html,excel",security,Bhopal,Web Development,3.97
66.99,51.79,55.83,4,"ml,sql,c++,linux",cloud,Kolkata,Data Analyst,6.87
59.52,43.07,48.06,3,"html,c++,dl",web,Lucknow,IT Support / Operations,2.49
86.49,85.08,67.1,5,"linux,dl,js,java,excel",mobile,Delhi,AI / Data Science,13.1
76.47,79.46,79.57,1,excel,web,Hyderabad,Data Analyst,8.75
99.0,99.0,71.93,3,"c++,dl,python",ai,Bhopal,AI / Data Science,11.52
61.43,65.76,55.02,1,linux,mobile,Bijnor,Cyber Security,3.82
62.83,49.62,53.1,1,ml,security,Jaipur,IT Support / Operations,2.84
72.85,67.45,60.79,0,,ai,Bhopal,Software Development,5.53
72.25,60.69,51.82,3,"excel,aws,git",ai,Delhi,Software Development,7.09
75.29,78.94,57.63,4,"aws,linux,dl,html",mobile,Jaipur,Cyber Security,8.49
68.17,77.44,70.75,5,"js,git,c++,html,excel",web,Bangalore,Data Analyst,8.05
60.11,71.55,54.0,3,"excel,js,html",govt,Kolkata,Software Development,7.18
91.01,87.92,78.01,0,,cloud,Bijnor,Software Development,6.64
87.87,85.63,67.55,3,"css,c++,html",data,Kolkata,Data Analyst,6.97
55.3,54.8,50.36,2,"css,linux",web,Hyderabad,IT Support / Operations,4.44
72.61,71.95,59.02,4,"html,dl,aws,excel",cloud,Bangalore,Cloud / DevOps,12.89
64.67,70.49,60.67,5,"java,ml,python,css,aws",govt,Kolkata,Software Development,7.3
94.36,90.86,79.72,4,"linux,git,c++,aws",web,Lucknow,Web Development,8.62
50.91,50.14,53.44,5,"aws,excel,java,dl,html",web,Delhi,IT Support / Operations,3.15
77.69,68.01,72.42,0,,data,Pune,Software Development,8.22
79.04,93.26,68.58,7,"js,dl,python,css,linux,excel,ml",web,Kolkata,AI / Data Science,11.0
63.77,65.23,40.32,2,"aws,c++",govt,Bhopal,IT Support / Operations,2.63
74.92,82.01,74.61,4,"dl,git,ml,python",cloud,Noida,AI / Data Science,11.33
91.92,82.76,66.33,2,"c++,java",web,Noida,Software Development,9.64
80.76,89.19,67.66,2,"ml,c++",data,Patna,AI / Data Science,9.68
72.54,64.35,64.43,2,"dl,python",data,Pune,Data Analyst,7.03
65.19,65.39,57.02,3,"html,css,python",data,Patna,Data Analyst,4.47
55.54,50.02,36.0,2,"c++,aws",security,Bangalore,IT Support / Operations,3.01
94.54,99.0,81.91,0,,ai,Pune,AI / Data Science,12.74
91.54,99.0,76.13,6,"excel,dl,python,html,css,c++",govt,Lucknow,AI / Data Science,11.29
64.1,50.3,52.55,1,aws,mobile,Delhi,IT Support / Operations,2.81
65.7,57.09,58.8,6,"excel,aws,css,python,js,dl",data,Bangalore,Data Analyst,5.74
55.27,53.98,50.84,4,"aws,html,sql,java",mobile,Bhopal,IT Support / Operations,4.44
93.42,85.14,79.71,5,"python,html,java,js,dl",ai,Bhopal,AI / Data Science,9.68
59.13,56.67,53.65,2,"ml,java",web,Bijnor,IT Support / Operations,2.04
76.6,83.38,72.42,1,c++,cloud,Lucknow,Software Development,7.68
81.46,71.36,63.11,6,"js,linux,c++,java,ml,html",security,Pune,Software Development,11.56
83.67,87.88,67.52,3,"excel,html,git",web,Delhi,Web Development,9.48
71.79,75.87,56.67,0,,cloud,Pune,Software Development,8.18
80.11,69.2,73.37,5,"html,js,c++,dl,ml",web,Delhi,AI / Data Science,11.88
77.86,70.48,66.25,4,"java,excel,js,c++",data,Jaipur,Data Analyst,7.05
78.92,72.11,56.48,1,excel,web,Jaipur,Data Analyst,4.48
72.22,74.16,68.16,5,"python,java,css,ml,html",web,Lucknow,Software Development,7.8
72.5,79.56,61.21,1,html,web,Bangalore,Software Development,7.37
67.98,70.67,54.19,1,python,govt,Delhi,Software Development,9.76
87.54,81.63,84.03,2,"css,c++",security,Patna,Software Development,8.07
70.68,75.42,74.93,0,,cloud,Bhopal,Software Development,5.92
86.38,86.43,53.81,2,"git,js",data,Noida,Software Development,8.79
74.68,71.13,62.94,4,"html,js,ml,sql",mobile,Bijnor,Data Analyst,5.08
70.94,79.66,65.77,0,,data,Delhi,Software Development,8.27
87.21,92.17,75.08,4,"js,excel,java,c++",data,Hyderabad,Data Analyst,9.44
85.23,76.58,75.56,3,"css,aws,js",web,Jaipur,Software Development,8.47
89.3,89.91,71.33,2,"linux,css",data,Noida,Software Development,11.27
68.3,74.03,69.7,6,"css,dl,c++,aws,python,sql",mobile,Bhopal,Data Analyst,5.33
62.88,65.9,62.61,2,"aws,python",web,Jaipur,Web Development,5.38
80.61,72.12,73.55,4,"dl,c++,java,python",govt,Kolkata,AI / Data Science,9.62
93.7,83.6,70.63,1,sql,govt,Kolkata,Data Analyst,5.76
58.86,68.78,56.22,5,"c++,excel,java,sql,linux",govt,Patna,Software Development,6.63
42.64,55.48,48.27,3,"git,excel,aws",web,Delhi,IT Support / Operations,3.89
98.87,96.03,72.03,0,,cloud,Bhopal,Software Development,8.09
55.3,59.57,49.84,0,,data,Kolkata,IT Support / Operations,2.0
89.71,77.1,71.54,4,"aws,git,js,dl",govt,Lucknow,AI / Data Science,11.18
89.36,66.26,62.21,0,,cloud,Hyderabad,Software Development,8.36
75.97,81.21,79.46,6,"python,c++,sql,ml,aws,js",ai,Bhopal,AI / Data Science,9.23
88.73,91.41,63.56,2,"git,js",security,Delhi,Web Development,8.21
73.64,75.2,60.25,3,"git,css,excel",mobile,Jaipur,Software Development,5.98
77.86,69.14,76.02,3,"ml,aws,sql",mobile,Kolkata,AI / Data Science,8.93
68.75,63.73,44.13,0,,govt,Bijnor,Software Development,3.8
81.09,88.92,78.42,6,"c++,python,linux,aws,sql,excel",security,Kolkata,Data Analyst,7.69
78.47,79.78,66.42,2,"dl,html",mobile,Kolkata,AI / Data Science,10.7
93.57,92.93,76.99,3,"css,html,linux",security,Bijnor,Web Development,5.97
77.48,88.23,63.46,4,"sql,css,excel,html",cloud,Bhopal,Data Analyst,7.2
72.55,74.15,64.36,4,"html,excel,ml,c++",cloud,Noida,Software Development,9.3
66.24,83.32,59.65,2,"ml,c++",data,Kolkata,Data Analyst,5.89
92.24,88.5,72.31,4,"html,c++,linux,dl",mobile,Patna,AI / Data Science,9.78
79.56,77.84,76.83,3,"dl,excel,html",mobile,Bangalore,AI / Data Science,12.96
90.31,96.25,79.54,0,,mobile,Patna,Software Development,8.19
68.28,64.44,67.57,2,"aws,js",mobile,Kolkata,Software Development,7.63
82.69,86.04,58.6,5,"git,sql,linux,html,python",cloud,Bangalore,Cloud / DevOps,12.45
71.81,67.97,59.17,3,"css,excel,sql",govt,Noida,Data Analyst,6.49
78.64,83.67,61.36,3,"python,aws,dl",govt,Patna,AI / Data Science,9.4
67.35,83.11,56.78,0,,security,Jaipur,Software Development,5.22
48.86,55.84,59.93,5,"linux,c++,python,java,excel",mobile,Pune,IT Support / Operations,3.04
82.94,87.15,50.42,0,,ai,Pune,AI / Data Science,10.28
87.82,84.78,63.92,4,"ml,js,css,aws",cloud,Delhi,AI / Data Science,11.9
78.32,86.41,66.99,4,"git,java,html,ml",ai,Bijnor,AI / Data Science,7.29
85.17,84.87,80.9,3,"sql,js,java",data,Hyderabad,Software Development,10.24
75.76,85.69,71.63,5,"excel,python,java,c++,sql",data,Bijnor,Software Development,7.21
62.25,70.67,59.32,1,java,web,Kolkata,Software Development,5.31
76.06,72.35,73.33,6,"c++,excel,linux,js,java,git",govt,Bangalore,Web Development,10.47
68.23,69.68,60.08,5,"js,excel,linux,aws,git",ai,Delhi,Software Development,8.82
99.0,92.57,89.35,5,"sql,excel,python,java,js",cloud,Noida,Software Development,13.24
63.33,56.0,45.21,2,"python,linux",govt,Delhi,IT Support / Operations,4.75
80.24,85.25,78.88,2,"ml,java",security,Bangalore,AI / Data Science,14.9
48.9,69.24,36.86,0,,mobile,Lucknow,IT Support / Operations,2.71
77.95,79.43,63.1,4,"dl,git,html,excel",web,Jaipur,AI / Data Science,8.81
72.77,76.48,66.68,5,"python,git,java,dl,linux",ai,Hyderabad,Software Development,9.18
97.03,92.18,64.43,5,"c++,css,dl,js,html",web,Lucknow,AI / Data Science,11.56
81.67,80.21,68.67,5,"git,c++,aws,python,css",mobile,Jaipur,Software Development,8.66
74.48,84.7,68.84,1,sql,data,Hyderabad,Data Analyst,8.16
84.31,89.58,56.57,2,"excel,git",web,Bangalore,Software Development,11.99
42.4,46.48,46.85,4,"js,excel,css,c++",web,Delhi,IT Support / Operations,2.5
52.51,46.99,56.55,5,"java,git,css,excel,python",ai,Bijnor,IT Support / Operations,2.0
83.81,87.88,77.85,4,"css,excel,python,html",data,Pune,Data Analyst,6.33
66.11,63.82,71.09,3,"css,java,js",security,Kolkata,Software Development,7.35
87.17,77.07,73.35,6,"excel,css,js,c++,python,aws",govt,Pune,Software Development,10.28
91.69,94.03,79.69,0,,ai,Pune,AI / Data Science,12.63
74.21,72.64,63.4,2,"sql,java",web,Kolkata,Data Analyst,7.19
80.81,85.09,60.89,2,"aws,dl",data,Delhi,AI / Data Science,11.96
67.14,65.48,67.26,2,"css,dl",ai,Bangalore,Software Development,8.84
79.14,92.97,73.55,4,"python,java,dl,excel",data,Bijnor,AI / Data Science,7.79
65.01,49.6,55.93,3,"sql,excel,ml",cloud,Pune,IT Support / Operations,4.49
85.5,71.53,68.21,2,"excel,python",data,Bhopal,Data Analyst,5.74
95.5,88.14,60.35,0,,security,Bangalore,Software Development,10.44
95.09,93.26,81.64,6,"aws,js,html,sql,css,linux",govt,Noida,Cyber Security,12.35
93.45,99.0,74.25,0,,mobile,Bangalore,Software Development,11.99
83.28,91.88,73.57,4,"java,git,js,html",cloud,Patna,Software Development,8.66
88.93,94.0,76.33,3,"c++,css,html",govt,Noida,Software Development,10.72
75.93,66.89,59.45,0,,security,Jaipur,Cyber Security,6.1
77.51,74.61,61.36,1,git,web,Bhopal,Software Development,6.47
90.66,92.32,80.32,3,"python,html,linux",govt,Pune,Software Development,12.02
56.31,50.79,47.06,2,"dl,html",ai,Noida,IT Support / Operations,2.0
57.63,55.86,48.53,3,"python,c++,java",web,Delhi,IT Support / Operations,3.9
79.71,85.05,60.28,2,"dl,python",web,Lucknow,AI / Data Science,10.6
65.35,71.17,52.35,2,"sql,git",cloud,Pune,Data Analyst,7.65
47.37,44.15,35.0,0,,mobile,Kolkata,IT Support / Operations,2.0
66.36,75.96,61.47,0,,cloud,Lucknow,Software Development,6.33
60.6,52.87,43.22,0,,cloud,Bijnor,IT Support / Operations,2.0
82.36,73.72,56.43,3,"java,ml,excel",govt,Patna,Software Development,7.12
72.34,78.12,64.32,1,python,security,Delhi,Software Development,8.13
73.58,70.32,55.47,4,"excel,sql,aws,dl",web,Lucknow,Web Development,6.66
91.89,99.0,80.74,1,ml,govt,Lucknow,AI / Data Science,12.71
74.86,56.17,69.74,1,c++,govt,Delhi,Software Development,7.11
48.16,47.96,44.26,0,,security,Patna,IT Support / Operations,2.31
90.66,79.12,70.78,1,html,ai,Bangalore,AI / Data Science,13.74
95.79,99.0,84.65,4,"aws,java,c++,html",mobile,Patna,Software Development,7.88
91.51,85.59,71.64,2,"html,python",mobile,Jaipur,Web Development,7.46
81.08,74.64,63.75,1,git,govt,Delhi,Software Development,8.8
76.2,85.1,70.17,1,js,ai,Patna,AI / Data Science,8.78
97.7,99.0,67.73,0,,web,Bijnor,Software Development,6.35
63.51,69.02,65.38,2,"ml,c++",security,Noida,Cyber Security,7.9
48.08,37.1,35.0,0,,mobile,Patna,IT Support / Operations,2.0
74.5,82.42,70.37,0,,security,Kolkata,Cyber Security,10.1
74.74,69.37,55.79,2,"java,css",mobile,Lucknow,Software Development,6.46
87.36,89.05,74.2,6,"ml,dl,js,html,linux,c++",ai,Lucknow,AI / Data Science,11.07
68.73,72.34,43.33,2,"sql,java",mobile,Delhi,Data Analyst,6.71
79.82,74.03,61.48,4,"aws,html,java,c++",govt,Bhopal,Web Development,5.93
88.55,86.06,72.29,3,"linux,excel,git",web,Hyderabad,Cyber Security,11.9
87.79,88.51,78.11,7,"css,excel,ml,git,sql,linux,dl",mobile,Delhi,AI / Data Science,15.08
71.38,59.33,56.92,1,linux,cloud,Noida,Cyber Security,8.12
81.28,71.65,79.98,3,"java,ml,c++",mobile,Bangalore,AI / Data Science,10.25
81.21,76.07,66.34,0,,security,Kolkata,Cyber Security,9.27
78.56,73.79,57.62,3,"c++,java,css",ai,Noida,Software Development,6.83
51.17,59.92,35.0,2,"python,dl",cloud,Bangalore,IT Support / Operations,2.61
82.97,82.72,60.93,6,"dl,html,ml,js,excel,linux",cloud,Delhi,AI / Data Science,12.05
84.09,90.14,65.17,4,"ml,sql,java,css",web,Patna,AI / Data Science,8.63
89.09,93.63,69.98,3,"sql,aws,ml",mobile,Bijnor,AI / Data Science,7.21
66.52,69.7,47.16,7,"html,c++,sql,excel,js,python,css",govt,Kolkata,Data Analyst,5.69
92.14,92.69,81.62,7,"c++,aws,js,excel,css,git,python",security,Hyderabad,Web Development,11.82
93.48,88.52,85.74,4,"linux,excel,html,git",cloud,Hyderabad,Cloud / DevOps,13.11
76.23,79.73,65.9,0,,security,Noida,Software Development,8.68
89.55,85.04,68.36,4,"excel,python,ml,java",ai,Bhopal,AI / Data Science,8.44
69.06,66.77,60.35,0,,web,Noida,Software Development,6.89
94.91,99.0,73.63,2,"ml,git",govt,Bijnor,AI / Data Science,7.77
66.41,65.12,58.1,2,"java,excel",mobile,Lucknow,Data Analyst,4.93
83.44,79.04,57.31,4,"java,sql,python,git",web,Bangalore,Web Development,10.0
81.52,92.35,70.77,5,"sql,css,python,aws,ml",security,Bijnor,AI / Data Science,7.63
83.08,72.84,62.8,1,js,web,Bhopal,Web Development,6.12
68.64,69.58,55.54,4,"java,excel,js,html",ai,Noida,Web Development,7.82
69.36,74.48,52.28,2,"excel,sql",web,Lucknow,Data Analyst,3.71
50.4,55.09,58.12,0,,cloud,Bangalore,IT Support / Operations,4.03
56.61,49.04,45.91,5,"aws,sql,linux,python,dl",security,Jaipur,IT Support / Operations,3.95
77.34,62.51,67.73,0,,data,Pune,Software Development,7.6
68.69,61.7,52.02,3,"java,js,aws",mobile,Delhi,Software Development,7.95
95.61,89.24,74.86,5,"git,java,aws,sql,python",mobile,Delhi,Software Development,11.83
97.04,88.9,69.41,3,"excel,c++,css",data,Delhi,Software Development,12.33
86.92,79.68,56.46,3,"dl,html,ml",govt,Delhi,AI / Data Science,11.74
78.32,78.23,68.88,2,"c++,git",govt,Lucknow,Software Development,7.68
82.96,80.34,79.32,2,"html,ml",mobile,Bangalore,AI / Data Science,13.28
89.21,94.41,75.98,4,"js,git,java,html",cloud,Patna,Software Development,7.45
91.18,87.37,81.04,3,"python,html,js",mobile,Noida,Web Development,10.87
81.4,87.14,52.79,0,,govt,Pune,Software Development,10.31
84.28,85.33,71.33,3,"python,sql,ml",cloud,Bhopal,AI / Data Science,8.55
81.09,74.66,79.43,4,"aws,sql,html,css",data,Pune,Data Analyst,9.75
79.4,79.03,64.15,3,"linux,aws,js",security,Delhi,Web Development,8.24
60.63,76.14,50.34,0,,govt,Lucknow,Software Development,5.33
80.42,83.76,64.82,1,dl,web,Bijnor,AI / Data Science,6.75
93.15,92.89,77.19,2,"git,java",data,Hyderabad,Software Development,11.81
82.18,87.92,64.77,2,"linux,css",ai,Bijnor,AI / Data Science,7.86
85.75,91.36,77.78,3,"python,excel,ml",data,Hyderabad,AI / Data Science,14.38
73.57,81.14,65.74,0,,mobile,Bangalore,Software Development,8.24
89.7,93.3,88.03,7,"aws,ml,git,java,c++,js,css",cloud,Kolkata,AI / Data Science,12.62
66.48,52.43,49.94,1,sql,mobile,Bangalore,IT Support / Operations,2.12
99.0,99.0,63.32,2,"js,python",govt,Bhopal,Software Development,8.87
89.88,98.58,90.34,6,"dl,js,ml,html,linux,git",data,Delhi,AI / Data Science,14.66
73.1,83.14,74.11,5,"excel,python,css,ml,sql",web,Pune,AI / Data Science,11.91
82.81,85.43,65.16,4,"css,aws,js,linux",security,Bangalore,Cyber Security,11.85
78.97,76.79,76.17,4,"css,js,aws,java",web,Pune,Web Development,10.17
62.01,75.77,71.34,3,"js,ml,aws",govt,Bangalore,Software Development,9.14
74.72,79.05,67.73,3,"js,excel,dl",data,Bhopal,AI / Data Science,8.51
84.56,83.37,64.75,0,,security,Bhopal,Software Development,5.87
93.66,99.0,65.19,2,"java,excel",data,Bhopal,Software Development,7.17
74.97,78.03,63.41,0,,mobile,Bijnor,Software Development,4.58
95.14,74.15,69.11,5,"python,js,excel,java,css",govt,Jaipur,Web Development,7.81
72.46,70.83,68.78,3,"excel,git,js",data,Pune,Data Analyst,7.06
87.76,85.5,71.5,2,"python,sql",web,Bhopal,Data Analyst,6.92
89.15,90.64,79.29,3,"python,dl,linux",data,Bijnor,AI / Data Science,8.09
69.82,68.95,60.67,4,"linux,c++,python,excel",cloud,Bangalore,Cloud / DevOps,10.86
92.73,78.77,60.61,1,dl,cloud,Bijnor,AI / Data Science,6.52
59.2,59.42,55.98,4,"git,aws,js,python",govt,Jaipur,Web Development,5.2
92.36,95.82,75.5,2,"excel,aws",security,Patna,Software Development,7.71
80.18,69.01,62.63,4,"c++,excel,js,aws",ai,Lucknow,Data Analyst,5.91
68.75,72.88,45.63,2,"git,linux",govt,Delhi,Software Development,7.52
99.0,86.4,86.45,3,"git,c++,linux",data,Bijnor,Software Development,6.88
48.68,41.48,35.0,2,"sql,ml",data,Noida,IT Support / Operations,3.97
70.75,84.7,63.92,0,,web,Bangalore,Web Development,8.79
83.87,92.37,77.99,2,"sql,java",cloud,Bhopal,Software Development,7.92
91.07,90.16,73.55,2,"python,html",data,Bijnor,Data Analyst,5.84
62.82,77.9,46.9,4,"css,aws,html,excel",cloud,Bijnor,Software Development,5.58
63.17,55.03,53.04,1,java,data,Bangalore,Data Analyst,4.48
96.95,99.0,79.19,4,"html,git,css,js",security,Hyderabad,Web Development,12.69
80.47,84.49,63.54,6,"sql,java,linux,ml,excel,html",web,Lucknow,AI / Data Science,10.31
70.66,76.62,72.49,2,"c++,dl",govt,Bhopal,AI / Data Science,7.93
99.0,99.0,73.48,5,"css,ml,aws,linux,js",data,Lucknow,AI / Data Science,11.29
75.64,68.49,59.67,3,"git,ml,dl",ai,Bangalore,Software Development,8.32
93.03,93.78,82.73,5,"html,js,excel,git,ml",govt,Pune,AI / Data Science,15.31
99.0,99.0,85.67,0,,data,Kolkata,Data Analyst,10.4
92.42,92.96,71.43,4,"linux,css,python,c++",data,Jaipur,Data Analyst,8.45
78.96,87.07,67.43,3,"git,html,c++",mobile,Kolkata,Web Development,8.43
74.7,74.27,64.08,3,"css,python,dl",data,Patna,Data Analyst,6.28
69.07,62.46,67.0,3,"aws,ml,excel",web,Pune,Software Development,6.94
92.6,99.0,91.54,7,"dl,c++,java,js,git,css,linux",cloud,Pune,AI / Data Science,17.42
81.36,91.49,70.65,2,"python,aws",mobile,Jaipur,Software Development,8.55
77.09,92.89,70.15,2,"html,git",security,Lucknow,Software Development,7.22
73.82,55.8,53.86,2,"css,python",web,Noida,Web Development,7.52
84.71,91.33,81.42,5,"git,js,python,c++,sql",data,Bijnor,Software Development,7.41
62.19,53.26,47.93,3,"ml,python,java",cloud,Jaipur,IT Support / Operations,3.15
89.67,88.76,74.98,4,"html,excel,aws,java",web,Patna,Data Analyst,6.2
74.37,84.62,84.14,4,"excel,dl,sql,html",data,Hyderabad,AI / Data Science,13.12
90.49,93.27,77.56,1,html,web,Pune,Software Development,11.92
86.41,79.11,69.08,1,java,cloud,Delhi,Software Development,8.66
78.75,67.46,77.32,3,"excel,git,html",data,Pune,Software Development,9.41
71.09,56.72,66.23,4,"js,sql,css,linux",security,Delhi,Software Development,8.12
99.0,91.31,79.4,1,excel,security,Lucknow,Software Development,8.22
68.86,67.37,60.7,0,,security,Bangalore,Software Development,7.68
90.52,89.19,68.25,2,"sql,python",security,Delhi,Cyber Security,10.7
56.79,61.99,63.28,1,dl,govt,Patna,Software Development,4.76
74.24,58.87,64.08,3,"c++,aws,java",cloud,Noida,Cloud / DevOps,10.52
85.7,89.75,71.82,3,"html,git,ml",cloud,Delhi,AI / Data Science,12.03
52.96,50.6,37.54,2,"js,ml",ai,Pune,IT Support / Operations,2.0
98.23,96.44,82.25,5,"git,c++,html,ml,css",security,Jaipur,AI / Data Science,11.65
72.13,73.46,66.82,6,"c++,git,aws,excel,css,java",mobile,Bangalore,Software Development,11.11
54.86,57.78,49.69,0,,security,Patna,IT Support / Operations,2.51
87.48,98.8,70.21,5,"html,sql,excel,dl,ml",web,Jaipur,AI / Data Science,10.69
75.36,70.02,68.72,5,"sql,python,html,excel,java",govt,Bhopal,Data Analyst,5.84
86.62,87.89,79.04,5,"java,dl,css,html,ml",govt,Bijnor,AI / Data Science,8.34
83.53,79.41,81.08,7,"html,ml,java,c++,excel,dl,linux",govt,Noida,AI / Data Science,12.77
81.45,85.4,71.32,3,"git,dl,java",govt,Pune,AI / Data Science,13.11
68.23,63.09,63.91,4,"css,excel,js,linux",web,Pune,Software Development,8.63
79.42,90.77,76.36,0,,security,Kolkata,Cyber Security,8.54
83.2,91.55,64.72,2,"c++,excel",ai,Noida,AI / Data Science,11.52
99.0,93.37,83.27,5,"dl,excel,js,aws,linux",ai,Jaipur,AI / Data Science,11.86
99.0,94.92,76.81,10,"css,python,c++,linux,js,sql,aws,html,ml,excel",data,Hyderabad,AI / Data Science,16.03
52.4,45.0,47.04,0,,security,Bijnor,IT Support / Operations,2.0
87.21,82.28,75.99,5,"html,css,js,git,dl",data,Jaipur,AI / Data Science,9.9
56.58,49.2,47.77,2,"css,sql",mobile,Bijnor,IT Support / Operations,2.0
77.0,78.76,62.06,1,aws,govt,Noida,Software Development,8.65
85.62,82.21,53.97,5,"python,excel,html,java,dl",mobile,Delhi,AI / Data Science,12.07
72.25,91.77,70.43,3,"html,java,css",cloud,Pune,Software Development,10.54
80.04,82.34,80.23,3,"html,css,python",web,Bijnor,Software Development,6.55
99.0,99.0,73.63,0,,data,Hyderabad,Software Development,13.24
73.57,73.34,73.13,3,"git,python,ml",data,Delhi,AI / Data Science,12.38
87.08,90.53,72.7,4,"linux,html,aws,css",ai,Bangalore,AI / Data Science,13.76
76.6,64.59,62.57,3,"ml,sql,linux",cloud,Kolkata,Cloud / DevOps,8.34
83.33,79.04,59.8,4,"excel,ml,linux,sql",ai,Patna,AI / Data Science,8.63
68.4,56.5,36.96,1,linux,cloud,Kolkata,IT Support / Operations,2.18
70.27,63.73,58.47,3,"aws,git,sql",data,Lucknow,Data Analyst,6.47
77.44,78.9,50.39,1,ml,web,Patna,Web Development,5.0
77.77,84.7,70.38,3,"css,aws,linux",cloud,Delhi,Cloud / DevOps,10.19
82.17,96.42,87.14,3,"dl,git,ml",mobile,Bangalore,AI / Data Science,15.45
79.22,81.07,55.32,2,"html,js",mobile,Bhopal,Software Development,6.34
67.51,64.07,67.48,4,"css,git,js,ml",web,Lucknow,Software Development,7.21
80.29,81.15,64.71,2,"css,c++",govt,Bangalore,Software Development,10.73
92.28,97.7,84.42,6,"sql,c++,dl,java,python,excel",govt,Patna,AI / Data Science,11.51
86.74,90.97,74.04,6,"sql,html,dl,python,aws,linux",ai,Noida,AI / Data Science,12.41
84.9,95.68,75.16,4,"c++,git,css,aws",mobile,Bijnor,Software Development,5.8
68.27,60.76,54.54,4,"sql,dl,git,js",web,Bijnor,Software Development,3.84
75.55,67.27,67.94,4,"aws,excel,sql,c++",ai,Patna,Software Development,6.33
86.94,78.0,59.94,2,"ml,dl",data,Bhopal,AI / Data Science,7.65
74.16,62.45,60.13,3,"excel,dl,python",ai,Bhopal,Software Development,5.09
75.86,63.54,60.68,0,,data,Lucknow,Data Analyst,5.14
55.21,50.97,46.29,4,"js,sql,ml,aws",data,Hyderabad,IT Support / Operations,2.7
78.79,79.59,60.57,2,"aws,java",mobile,Kolkata,Software Development,8.97
94.25,99.0,80.48,3,"c++,ml,java",cloud,Bangalore,AI / Data Science,14.93
71.36,61.5,51.62,4,"sql,c++,css,html",ai,Jaipur,Web Development,4.68
77.61,74.16,72.38,2,"sql,js",web,Pune,Data Analyst,8.15
83.26,85.58,76.11,5,"js,java,css,dl,ml",ai,Pune,AI / Data Science,14.04
75.86,60.22,50.29,5,"sql,linux,c++,ml,python",mobile,Jaipur,Data Analyst,5.66
94.49,92.24,65.98,3,"sql,excel,git",mobile,Patna,Software Development,7.81
73.66,79.79,75.17,5,"git,excel,css,c++,python",web,Pune,Software Development,11.32
84.24,76.08,59.75,4,"aws,sql,linux,dl",web,Bijnor,AI / Data Science,7.46
82.08,94.24,69.61,4,"js,linux,html,excel",data,Bhopal,Software Development,8.6
76.37,84.48,73.43,4,"java,excel,python,dl",security,Bhopal,AI / Data Science,8.42
52.88,64.95,55.33,3,"dl,html,excel",web,Bangalore,Web Development,5.74
79.9,76.74,61.8,0,,cloud,Pune,Software Development,7.46
80.46,85.73,51.65,1,aws,data,Lucknow,Software Development,6.93
73.98,68.41,50.56,1,js,govt,Bhopal,Software Development,5.92
94.65,85.7,69.34,6,"css,linux,dl,c++,sql,excel",security,Lucknow,AI / Data Science,11.0
68.74,66.1,57.08,5,"c++,aws,js,python,html",govt,Pune,Software Development,9.69
69.65,79.22,69.16,4,"git,css,linux,java",mobile,Bangalore,Software Development,11.06
55.91,70.1,58.21,4,"dl,html,ml,git",cloud,Delhi,Web Development,5.22
99.0,98.18,70.44,4,"python,html,excel,git",govt,Pune,Data Analyst,10.09
84.01,80.15,58.21,1,js,ai,Hyderabad,AI / Data Science,10.87
95.16,99.0,81.92,3,"css,python,java",data,Noida,Software Development,11.87
67.7,63.58,52.39,0,,security,Bijnor,Cyber Security,4.06
99.0,95.48,71.6,2,"aws,git",web,Pune,Web Development,11.49
96.64,97.21,92.87,5,"git,ml,dl,aws,java",security,Bangalore,AI / Data Science,16.75
79.8,79.05,72.02,2,"aws,git",data,Noida,Data Analyst,6.07
74.83,73.52,69.87,3,"linux,git,ml",data,Bhopal,AI / Data Science,9.76
64.22,58.04,61.81,1,dl,govt,Bhopal,Software Development,5.98
75.21,73.8,68.81,5,"c++,js,sql,java,git",ai,Bijnor,AI / Data Science,6.9
53.62,62.12,61.4,2,"linux,js",mobile,Kolkata,Web Development,3.51
79.4,74.18,56.24,3,"ml,sql,git",govt,Noida,Software Development,9.8
70.52,67.97,58.6,4,"js,ml,excel,git",govt,Noida,Data Analyst,7.95
99.0,99.0,71.53,0,,govt,Hyderabad,Software Development,12.02
69.23,76.0,72.88,3,"js,ml,git",data,Delhi,AI / Data Science,11.68
66.65,66.8,51.14,2,"java,html",security,Noida,Web Development,6.38
73.56,78.74,69.42,3,"git,python,css",web,Patna,Web Development,6.2
61.97,56.69,61.31,3,"ml,excel,html",data,Delhi,Software Development,6.64
89.11,79.43,75.75,4,"excel,css,python,c++",data,Patna,Data Analyst,5.89
81.2,80.78,70.4,1,css,data,Patna,Software Development,6.58
92.23,99.0,79.38,5,"c++,dl,aws,git,sql",mobile,Noida,AI / Data Science,15.21
82.16,85.15,73.61,3,"linux,js,dl",security,Patna,AI / Data Science,8.8
80.85,86.34,66.52,0,,cloud,Bangalore,Software Development,10.36
86.75,96.62,64.63,3,"sql,c++,linux",web,Pune,Data Analyst,9.11
79.78,65.84,59.77,0,,data,Jaipur,Data Analyst,4.15
66.76,67.64,45.99,4,"sql,css,git,java",web,Pune,Data Analyst,7.12
94.32,99.0,77.57,1,html,govt,Kolkata,Software Development,8.93
90.83,83.89,63.15,5,"js,html,linux,dl,aws",data,Lucknow,AI / Data Science,10.55
58.24,61.68,45.54,0,,mobile,Noida,IT Support / Operations,2.01
76.39,81.23,56.74,2,"c++,js",govt,Delhi,Software Development,8.78
72.42,81.44,62.32,1,css,security,Noida,Software Development,9.56
42.83,53.03,51.77,2,"java,git",security,Bijnor,IT Support / Operations,2.14
71.73,71.39,64.14,4,"git,dl,js,sql",mobile,Bhopal,Software Development,7.3
76.47,74.99,72.66,3,"ml,html,java",govt,Jaipur,AI / Data Science,9.09
96.22,97.24,78.32,2,"ml,excel",govt,Bangalore,AI / Data Science,16.31
96.61,97.65,90.27,5,"dl,c++,linux,ml,js",ai,Delhi,AI / Data Science,15.16
91.46,97.03,82.33,0,,security,Bijnor,Software Development,6.77
66.79,69.96,73.69,0,,cloud,Lucknow,Software Development,5.72
66.65,62.74,56.56,3,"excel,dl,aws",data,Bijnor,Data Analyst,4.36
63.87,61.75,55.95,2,"js,linux",web,Delhi,Software Development,7.05
89.81,94.73,71.71,5,"dl,sql,c++,git,java",cloud,Noida,AI / Data Science,13.65
88.88,89.97,79.73,6,"ml,css,git,linux,js,sql",govt,Lucknow,AI / Data Science,11.88
70.25,65.66,52.13,1,linux,govt,Lucknow,Cyber Security,6.2
87.99,89.55,62.75,1,aws,ai,Kolkata,AI / Data Science,8.68
82.71,92.17,82.12,2,"html,git",mobile,Kolkata,Web Development,8.53
99.0,92.22,80.86,2,"python,js",data,Jaipur,Web Development,7.71
62.68,62.35,67.48,3,"dl,git,c++",security,Hyderabad,Cyber Security,8.73
85.55,84.53,71.83,3,"linux,dl,java",govt,Lucknow,AI / Data Science,10.07
88.67,85.27,80.48,4,"python,c++,java,sql",cloud,Bangalore,Software Development,13.35
75.82,76.72,53.39,4,"python,js,excel,html",mobile,Lucknow,Data Analyst,7.15
93.75,86.67,71.92,3,"python,aws,java",ai,Kolkata,AI / Data Science,11.12
77.0,77.44,63.11,3,"dl,excel,css",web,Bhopal,AI / Data Science,7.88
75.47,80.95,65.82,5,"ml,excel,js,dl,sql",security,Bangalore,AI / Data Science,12.38
63.17,53.64,63.63,1,sql,govt,Pune,Data Analyst,4.9
72.66,72.46,66.31,3,"linux,git,aws",security,Jaipur,Cyber Security,7.89
54.31,48.96,35.0,0,,cloud,Bangalore,IT Support / Operations,2.42
87.3,84.35,66.23,0,,data,Lucknow,Data Analyst,6.87
70.29,66.0,67.31,2,"python,css",web,Delhi,Software Development,8.49
81.63,78.91,57.72,0,,web,Patna,Web Development,5.16
86.12,86.77,59.48,5,"ml,excel,css,dl,java",govt,Kolkata,AI / Data Science,10.59
71.52,64.05,52.43,1,html,ai,Delhi,Software Development,6.53
83.42,85.55,67.07,0,,web,Bangalore,Software Development,10.72
84.75,74.29,68.15,5,"c++,aws,ml,python,linux",data,Noida,AI / Data Science,13.14
96.09,92.82,80.84,3,"aws,dl,js",ai,Kolkata,AI / Data Science,12.64
73.34,67.28,64.89,0,,mobile,Bangalore,Software Development,8.09
80.49,84.38,67.93,2,"css,sql",ai,Kolkata,AI / Data Science,9.68
98.36,95.7,83.42,4,"java,html,css,sql",data,Pune,Software Development,12.12
71.47,60.3,62.55,2,"linux,ml",data,Jaipur,Software Development,6.41
83.43,99.0,73.24,5,"css,dl,git,java,c++",web,Bijnor,AI / Data Science,7.98
98.03,94.44,74.21,3,"js,python,html",web,Jaipur,Software Development,8.96
74.34,72.72,58.24,4,"c++,dl,java,linux",cloud,Bhopal,Cloud / DevOps,7.63
85.11,90.09,75.6,1,excel,ai,Lucknow,AI / Data Science,10.42
86.38,83.94,75.08,4,"css,java,js,linux",data,Noida,Data Analyst,9.97
89.56,97.8,87.68,4,"java,aws,linux,sql",data,Hyderabad,Software Development,11.56
51.75,53.15,48.64,2,"css,java",security,Delhi,IT Support / Operations,2.0
78.87,87.35,64.99,4,"ml,js,excel,python",ai,Lucknow,AI / Data Science,10.42
82.83,87.21,73.24,3,"css,git,c++",data,Patna,Software Development,6.27
63.43,76.08,54.29,1,html,cloud,Jaipur,Web Development,4.96
70.03,76.01,68.66,5,"c++,ml,css,git,js",mobile,Bijnor,Web Development,5.39
99.0,81.56,78.32,5,"ml,git,js,aws,css",data,Pune,AI / Data Science,14.33
62.06,55.15,37.76,2,"dl,linux",web,Patna,IT Support / Operations,2.0
73.69,67.93,46.82,1,aws,security,Patna,Software Development,3.95
64.54,71.65,64.68,0,,security,Pune,Cyber Security,8.97
79.52,85.55,57.09,6,"dl,ml,sql,python,c++,html",data,Noida,AI / Data Science,12.18
84.42,91.35,73.58,3,"git,linux,python",ai,Lucknow,AI / Data Science,11.44
96.1,94.12,78.75,1,js,security,Bhopal,Web Development,8.42
67.91,71.4,56.58,5,"excel,css,linux,python,c++",ai,Bijnor,Software Development,6.5
71.03,72.05,70.94,2,"java,ml",govt,Bhopal,Software Development,6.56
55.63,47.2,63.51,6,"linux,ml,c++,git,sql,aws",security,Bhopal,Data Analyst,5.13
70.42,67.93,55.97,4,"dl,css,html,js",security,Kolkata,Cyber Security,9.13
82.41,91.23,69.53,3,"linux,java,sql",govt,Lucknow,Software Development,9.17
90.03,99.0,73.53,0,,ai,Hyderabad,AI / Data Science,10.39
80.59,89.91,67.18,2,"sql,excel",mobile,Jaipur,Software Development,7.52
73.78,89.36,76.07,0,,web,Bangalore,Web Development,8.4
75.36,61.3,60.32,0,,mobile,Noida,Software Development,6.84
72.45,51.02,41.34,3,"css,java,git",ai,Bangalore,IT Support / Operations,2.64
64.22,65.62,48.79,2,"js,git",web,Lucknow,Software Development,7.66
77.97,76.55,61.97,4,"c++,css,html,python",security,Delhi,Software Development,9.74
66.04,67.97,46.33,3,"aws,c++,html",security,Noida,Web Development,6.66
99.0,96.13,84.71,2,"ml,java",cloud,Kolkata,AI / Data Science,11.36
82.46,79.09,71.38,6,"linux,js,excel,sql,java,aws",govt,Bangalore,Web Development,9.47
83.58,83.93,61.41,2,"html,css",data,Bangalore,Web Development,7.97
71.0,71.4,53.95,4,"js,excel,css,python",web,Bhopal,Data Analyst,4.95
99.0,99.0,91.2,6,"js,html,linux,excel,aws,java",ai,Noida,AI / Data Science,15.38
63.01,62.14,55.26,1,ml,govt,Patna,Software Development,5.53
78.12,69.56,67.28,0,,security,Bhopal,Cyber Security,6.26
75.49,71.8,59.5,0,,mobile,Bangalore,Software Development,8.94
75.17,82.6,62.35,1,java,data,Hyderabad,Software Development,8.94
93.21,79.05,72.65,3,"css,c++,linux",data,Patna,Data Analyst,5.82
99.0,99.0,84.13,2,"ml,python",data,Lucknow,AI / Data Science,11.71
90.48,88.19,62.89,2,"css,ml",cloud,Bhopal,AI / Data Science,9.02
96.11,99.0,78.16,2,"aws,git",govt,Lucknow,Software Development,8.85
65.15,63.31,71.74,4,"linux,aws,js,c++",mobile,Bhopal,Cyber Security,6.42
79.65,82.32,60.46,2,"html,js",security,Patna,Software Development,6.8
74.97,81.62,72.81,3,"git,html,aws",data,Kolkata,Software Development,8.11
86.96,89.33,66.48,4,"excel,git,css,c++",govt,Bijnor,Data Analyst,6.69
74.3,74.05,73.38,3,"java,c++,aws",cloud,Jaipur,Cloud / DevOps,7.34
89.79,73.84,68.68,2,"c++,git",web,Bangalore,Web Development,8.63
81.88,77.35,82.31,7,"html,css,dl,python,aws,sql,excel",data,Bhopal,AI / Data Science,10.3
99.0,99.0,83.93,2,"c++,git",ai,Patna,AI / Data Science,10.18
75.43,79.67,59.3,5,"aws,html,ml,dl,js",ai,Noida,Software Development,8.8
85.71,75.41,60.15,1,excel,cloud,Bijnor,Software Development,5.07
94.42,91.65,66.75,4,"ml,linux,c++,css",mobile,Delhi,AI / Data Science,13.36
77.78,74.12,59.6,0,,data,Noida,Software Development,9.28
80.9,84.59,65.33,8,"git,python,ml,css,dl,aws,linux,excel",govt,Kolkata,AI / Data Science,12.11
66.88,69.13,70.99,1,js,govt,Noida,Web Development,7.44
81.67,86.92,70.53,1,python,cloud,Bhopal,Software Development,6.89
75.09,79.24,69.74,1,sql,govt,Lucknow,Software Development,7.74
78.49,64.84,69.22,0,,security,Pune,Software Development,7.76
85.24,90.9,78.68,5,"python,css,sql,js,java",mobile,Patna,Data Analyst,7.66
99.0,95.13,84.38,3,"css,git,linux",mobile,Noida,Software Development,11.82
69.26,72.39,59.86,3,"sql,dl,aws",security,Jaipur,Software Development,6.48
77.94,86.4,63.21,5,"linux,dl,html,java,aws",web,Noida,AI / Data Science,10.39
56.41,58.42,39.8,0,,data,Hyderabad,IT Support / Operations,3.17
77.09,73.59,65.42,1,dl,cloud,Jaipur,AI / Data Science,7.56
73.01,74.4,47.83,1,css,cloud,Noida,Software Development,7.93
72.95,72.39,56.78,2,"excel,aws",ai,Kolkata,Data Analyst,5.11
86.82,79.55,68.48,8,"aws,python,js,c++,sql,html,dl,css",web,Kolkata,AI / Data Science,11.93
96.3,99.0,69.05,3,"git,js,linux",data,Lucknow,Web Development,9.36
85.59,80.15,63.22,4,"dl,css,js,html",security,Patna,AI / Data Science,8.2
82.26,64.52,68.18,5,"css,js,aws,ml,python",cloud,Delhi,Cloud / DevOps,8.06
83.34,90.78,80.15,4,"python,css,java,dl",data,Hyderabad,AI / Data Science,13.21
62.74,69.02,61.66,6,"java,excel,html,aws,linux,sql",web,Noida,Data Analyst,8.13
96.9,87.34,71.74,4,"css,linux,ml,git",security,Patna,AI / Data Science,10.26
84.63,71.46,64.42,0,,govt,Delhi,Software Development,9.79
78.75,76.08,69.67,4,"git,dl,html,css",cloud,Jaipur,AI / Data Science,9.89
68.04,61.08,66.45,3,"css,ml,aws",cloud,Jaipur,Cloud / DevOps,6.44
75.06,75.85,44.54,0,,cloud,Delhi,Software Development,8.6
76.6,81.31,59.91,3,"java,sql,ml",web,Patna,AI / Data Science,7.96
65.6,70.34,53.89,1,excel,ai,Patna,Data Analyst,4.34
82.5,81.15,40.18,2,"sql,html",cloud,Pune,Software Development,9.23
65.83,68.06,59.7,2,"js,ml",govt,Noida,Software Development,8.7
73.95,79.75,69.2,2,"css,excel",ai,Noida,AI / Data Science,11.14
83.31,83.52,73.5,8,"css,js,git,ml,linux,dl,java,sql",security,Kolkata,AI / Data Science,11.27
68.39,60.31,75.26,4,"java,ml,js,dl",data,Hyderabad,Software Development,9.44
87.55,88.56,65.4,2,"excel,c++",mobile,Noida,Data Analyst,10.25
57.59,60.63,36.65,1,linux,web,Jaipur,IT Support / Operations,2.25
95.29,75.15,59.29,3,"sql,java,html",mobile,Lucknow,Data Analyst,7.08
90.11,82.44,65.79,1,js,govt,Bhopal,Web Development,4.79
97.62,96.04,67.64,2,"aws,dl",cloud,Bhopal,AI / Data Science,9.73
78.17,79.98,57.5,3,"python,css,linux",mobile,Pune,Cyber Security,9.54
81.88,72.34,68.2,1,python,govt,Bijnor,Software Development,5.71
85.07,84.94,60.89,0,,cloud,Bangalore,Software Development,9.57
55.11,53.5,36.36,1,git,cloud,Bijnor,IT Support / Operations,2.0
90.35,86.89,61.38,0,,govt,Bangalore,Software Development,8.85
83.04,78.49,67.45,3,"html,aws,linux",web,Bhopal,Software Development,6.74
81.66,89.71,69.44,4,"dl,ml,excel,git",cloud,Noida,AI / Data Science,11.95
90.19,78.45,69.09,6,"ml,css,sql,linux,dl,java",data,Bangalore,AI / Data Science,14.79
75.58,80.78,65.3,5,"css,python,aws,sql,c++",ai,Bijnor,AI / Data Science,6.91
76.59,80.32,64.22,1,css,cloud,Patna,Software Development,7.52
91.71,89.46,67.08,5,"python,excel,c++,aws,ml",cloud,Delhi,AI / Data Science,13.66
82.76,86.15,59.25,4,"java,excel,git,ml",mobile,Delhi,AI / Data Science,11.79
84.76,83.6,83.51,4,"git,python,excel,js",web,Hyderabad,Data Analyst,12.81
82.74,78.53,67.94,5,"java,js,ml,aws,c++",cloud,Jaipur,AI / Data Science,8.7
64.05,72.62,60.05,5,"linux,sql,css,python,git",cloud,Pune,Cloud / DevOps,9.27
75.11,78.31,69.96,5,"js,excel,sql,ml,dl",govt,Delhi,AI / Data Science,13.01
72.72,69.64,54.9,3,"c++,excel,java",mobile,Bhopal,Data Analyst,5.7
67.07,63.78,67.48,6,"linux,js,dl,excel,sql,python",data,Kolkata,Software Development,6.65
64.98,57.1,55.12,2,"c++,js",security,Bhopal,Software Development,5.12
71.58,69.87,75.8,2,"linux,js",security,Noida,Cyber Security,8.65
96.32,99.0,78.57,8,"excel,java,ml,sql,c++,python,css,js",ai,Bangalore,AI / Data Science,16.48
75.01,65.97,54.27,4,"ml,html,linux,dl",govt,Bijnor,Cyber Security,5.31
74.6,85.34,73.85,1,ml,cloud,Patna,AI / Data Science,8.67
76.72,77.13,47.12,2,"linux,dl",ai,Bhopal,Cyber Security,7.73
58.74,54.46,39.3,0,,cloud,Bangalore,IT Support / Operations,3.83
78.19,87.06,70.6,4,"html,js,python,css",cloud,Bijnor,Software Development,6.47
95.56,97.11,68.65,3,"ml,c++,excel",ai,Jaipur,AI / Data Science,10.26
84.03,86.82,70.25,1,python,data,Kolkata,Software Development,7.34
81.4,85.18,60.38,0,,mobile,Lucknow,Software Development,6.33
73.59,82.58,69.91,3,"html,git,js",ai,Kolkata,AI / Data Science,9.89
69.26,69.96,44.49,3,"git,sql,python",govt,Bijnor,Software Development,4.38
67.53,68.36,53.96,2,"js,c++",web,Patna,Web Development,4.1
62.84,59.02,44.85,3,"python,js,aws",ai,Bangalore,Web Development,9.19
73.98,74.95,73.37,3,"js,git,dl",cloud,Pune,AI / Data Science,13.91
71.98,68.74,68.92,3,"java,ml,git",mobile,Bhopal,Software Development,6.86
70.5,79.21,57.45,0,,ai,Bhopal,Software Development,5.34
72.58,67.75,71.34,0,,web,Patna,Software Development,6.2
79.27,72.9,53.64,3,"sql,html,git",govt,Lucknow,Data Analyst,5.31
77.38,69.81,60.14,3,"linux,python,sql",security,Bangalore,Software Development,10.18
84.41,84.99,60.66,1,sql,cloud,Hyderabad,Data Analyst,8.05
60.75,63.49,51.15,4,"excel,aws,html,ml",govt,Delhi,Web Development,6.74
74.21,81.79,67.44,4,"sql,excel,dl,ml",web,Delhi,AI / Data Science,12.62
93.17,96.51,88.24,5,"ml,aws,css,js,java",security,Pune,AI / Data Science,14.99
64.42,57.66,41.68,1,excel,govt,Lucknow,IT Support / Operations,3.02
88.73,80.04,76.12,3,"css,html,java",govt,Bijnor,Software Development,6.54
72.88,64.08,54.42,7,"java,c++,css,sql,python,excel,git",web,Bijnor,Software Development,5.72
63.87,73.8,62.08,3,"js,aws,css",security,Lucknow,Software Development,7.5
83.7,90.03,72.26,6,"ml,java,linux,c++,excel,aws",cloud,Bijnor,AI / Data Science,7.61
86.6,88.79,70.41,5,"excel,c++,java,sql,git",govt,Lucknow,Data Analyst,7.07
78.67,80.61,45.52,0,,security,Lucknow,Software Development,5.21
81.99,77.23,66.84,5,"js,python,html,excel,aws",mobile,Kolkata,Data Analyst,9.3
94.32,93.96,68.81,0,,mobile,Lucknow,Software Development,8.14
73.79,75.68,71.52,1,python,ai,Patna,AI / Data Science,8.31
74.14,77.9,63.87,3,"aws,js,excel",web,Hyderabad,Software Development,10.31
68.83,68.65,51.13,1,c++,ai,Delhi,Software Development,7.45
99.0,94.78,82.81,8,"ml,java,linux,sql,dl,css,html,js",ai,Kolkata,AI / Data Science,12.41
69.53,70.34,61.43,3,"excel,dl,linux",web,Bhopal,Web Development,5.5
86.79,93.17,70.62,4,"excel,c++,dl,linux",mobile,Bhopal,AI / Data Science,9.92
55.9,64.93,35.0,0,,govt,Hyderabad,IT Support / Operations,3.07
83.92,83.69,53.67,7,"java,excel,dl,aws,html,linux,sql",mobile,Hyderabad,AI / Data Science,13.3
77.25,87.96,73.87,3,"excel,js,c++",mobile,Pune,Data Analyst,7.34
83.22,82.19,72.52,0,,govt,Delhi,Software Development,8.58
99.0,99.0,76.84,3,"excel,git,java",security,Bangalore,Software Development,13.43
99.0,99.0,93.58,2,"excel,dl",cloud,Delhi,AI / Data Science,13.56
68.49,72.6,64.58,5,"css,ml,dl,git,linux",web,Pune,Software Development,7.98
80.39,73.63,59.54,2,"html,css",web,Lucknow,Software Development,6.37
97.85,95.83,58.26,5,"git,python,sql,java,c++",data,Pune,Data Analyst,10.06
59.49,66.58,57.83,3,"js,css,ml",govt,Lucknow,Software Development,6.03
65.78,68.78,47.31,1,aws,data,Bijnor,Software Development,5.15
75.57,66.55,70.19,5,"css,linux,sql,ml,excel",web,Jaipur,Cyber Security,7.88
92.74,80.1,68.63,4,"aws,git,excel,java",ai,Bijnor,AI / Data Science,7.63
65.08,65.33,57.02,5,"c++,aws,excel,html,dl",security,Delhi,Data Analyst,7.94
87.02,86.59,58.97,3,"java,excel,ml",govt,Lucknow,AI / Data Science,9.57
85.98,84.38,64.93,2,"js,git",cloud,Delhi,Software Development,9.71
79.19,91.01,66.08,6,"c++,css,linux,excel,aws,java",govt,Patna,Cyber Security,9.26
73.99,63.6,71.94,6,"css,c++,sql,dl,java,excel",security,Jaipur,Cyber Security,7.8
59.27,68.17,61.46,1,js,data,Bangalore,Software Development,9.27
76.4,76.02,78.65,2,"c++,linux",govt,Jaipur,Software Development,7.67
57.04,46.75,41.68,1,java,govt,Noida,IT Support / Operations,3.29
71.27,84.83,59.11,3,"html,js,java",data,Bijnor,Data Analyst,4.47
99.0,99.0,70.17,0,,ai,Jaipur,AI / Data Science,9.72
79.37,81.21,64.88,2,"ml,css",ai,Bijnor,AI / Data Science,7.43
71.56,70.79,49.93,1,sql,mobile,Bijnor,Data Analyst,2.8
70.86,69.51,76.28,4,"dl,css,linux,python",govt,Delhi,AI / Data Science,11.85
82.73,88.37,75.74,3,"dl,aws,linux",security,Lucknow,AI / Data Science,10.27
65.96,60.63,57.98,0,,web,Bangalore,Software Development,8.11
81.0,88.92,50.59,0,,govt,Kolkata,Software Development,6.32
64.52,62.15,39.1,2,"dl,js",cloud,Jaipur,IT Support / Operations,2.0
74.6,79.08,66.66,0,,security,Jaipur,Software Development,5.26
60.54,67.5,50.65,2,"sql,python",govt,Bangalore,Software Development,8.62
67.6,68.83,53.57,5,"excel,linux,python,git,html",data,Delhi,Web Development,6.8
71.05,77.63,63.76,4,"sql,dl,js,linux",cloud,Pune,Cloud / DevOps,9.94
78.33,74.72,49.45,3,"html,sql,java",web,Bijnor,Software Development,5.02
92.42,87.93,64.19,1,git,govt,Bangalore,Software Development,11.57
83.37,76.17,63.73,3,"js,ml,css",govt,Noida,AI / Data Science,12.61
69.04,67.12,46.99,3,"sql,java,css",security,Bangalore,Data Analyst,5.81
85.04,88.19,70.44,4,"dl,git,ml,sql",mobile,Pune,AI / Data Science,12.14
95.18,91.51,64.29,0,,cloud,Patna,Software Development,7.25
82.8,81.61,59.99,4,"c++,git,html,ml",ai,Patna,AI / Data Science,7.54
66.17,58.06,49.02,1,css,security,Pune,IT Support / Operations,4.11
65.2,36.87,57.3,2,"ml,sql",security,Noida,IT Support / Operations,2.0
66.01,63.99,61.38,1,ml,web,Bijnor,Web Development,4.2
99.0,93.28,79.31,7,"ml,aws,sql,html,python,c++,js",ai,Hyderabad,AI / Data Science,17.63
65.89,83.64,68.17,1,linux,web,Jaipur,Software Development,5.72
59.27,54.94,52.1,0,,web,Pune,IT Support / Operations,3.14
81.4,89.45,65.26,5,"git,ml,dl,sql,linux",govt,Bhopal,AI / Data Science,9.73
75.26,79.3,65.47,5,"ml,python,git,excel,sql",mobile,Pune,AI / Data Science,13.05
76.49,79.1,56.97,2,"css,aws",web,Kolkata,Web Development,6.98
63.6,52.68,43.08,0,,ai,Hyderabad,IT Support / Operations,3.47
89.09,99.0,70.43,4,"css,aws,html,java",security,Jaipur,Software Development,8.81
86.25,77.24,80.08,2,"excel,html",data,Hyderabad,Software Development,8.76
77.43,87.02,55.6,4,"sql,dl,python,c++",web,Noida,AI / Data Science,10.55
86.7,80.6,77.63,0,,cloud,Noida,Software Development,8.9
71.11,71.19,65.61,6,"sql,java,js,css,dl,git",ai,Kolkata,Web Development,8.9
78.39,65.64,60.65,0,,ai,Delhi,Software Development,8.25
75.82,80.23,76.39,2,"sql,css",ai,Pune,AI / Data Science,11.39
99.0,98.64,73.53,6,"linux,css,dl,c++,ml,excel",mobile,Noida,AI / Data Science,14.59
88.24,97.26,71.68,4,"linux,python,excel,c++",govt,Jaipur,Data Analyst,6.27
76.16,83.68,56.44,3,"c++,excel,css",cloud,Hyderabad,Software Development,9.94
82.23,86.51,67.74,4,"aws,excel,ml,c++",data,Patna,AI / Data Science,9.15
95.15,99.0,91.77,4,"excel,java,python,dl",mobile,Noida,AI / Data Science,13.27
99.0,99.0,94.08,6,"java,html,excel,c++,dl,sql",govt,Pune,AI / Data Science,15.08
74.66,78.45,61.22,3,"css,git,sql",ai,Kolkata,Software Development,6.7
78.96,95.28,77.42,1,git,web,Bijnor,Software Development,5.64
74.39,69.46,57.21,0,,mobile,Bhopal,Software Development,4.96
90.98,99.0,69.32,3,"git,ml,css",data,Pune,AI / Data Science,13.39
73.57,74.86,67.05,3,"js,aws,excel",ai,Delhi,Software Development,9.7
72.49,77.52,69.21,4,"excel,aws,ml,java",security,Delhi,AI / Data Science,12.63
83.42,80.86,71.62,2,"excel,ml",cloud,Jaipur,AI / Data Science,9.72
82.37,74.38,54.84,2,"sql,git",govt,Bhopal,Software Development,7.15
89.1,83.42,72.5,5,"excel,js,ml,linux,python",security,Bijnor,AI / Data Science,8.47
66.1,65.8,58.99,4,"c++,aws,python,html",ai,Jaipur,Software Development,6.11
73.78,77.79,74.57,0,,govt,Patna,Software Development,7.87
97.84,93.57,75.49,2,"c++,python",data,Noida,Data Analyst,9.48
80.73,67.1,54.63,0,,cloud,Bhopal,Software Development,6.14
62.15,72.49,55.34,0,,govt,Bhopal,Software Development,4.36
83.68,91.26,52.58,5,"css,excel,java,python,ml",cloud,Noida,AI / Data Science,12.89
83.85,82.85,67.12,1,linux,govt,Pune,Software Development,9.26
74.31,64.48,73.38,4,"linux,c++,ml,js",security,Lucknow,Web Development,6.74
74.7,71.98,51.17,3,"css,java,sql",web,Patna,Software Development,5.76
71.62,61.91,45.11,4,"sql,java,css,git",mobile,Noida,Software Development,6.84
70.96,63.74,56.79,0,,mobile,Bhopal,Software Development,4.61
73.7,77.58,56.33,3,"dl,aws,js",web,Lucknow,Software Development,7.67
99.0,99.0,79.08,3,"css,python,linux",ai,Jaipur,AI / Data Science,10.9
75.28,75.12,60.13,2,"aws,excel",cloud,Bhopal,Cloud / DevOps,8.44
66.17,59.43,67.51,3,"ml,css,excel",data,Noida,Data Analyst,7.44
66.75,69.39,58.9,4,"excel,git,dl,java",cloud,Kolkata,Software Development,6.35
96.84,77.17,84.78,3,"ml,java,js",cloud,Noida,AI / Data Science,12.92
84.84,75.78,66.82,3,"c++,git,python",web,Bangalore,Software Development,11.0
82.0,81.59,78.28,3,"linux,css,c++",ai,Kolkata,AI / Data Science,11.77
67.85,62.0,57.0,2,"c++,ml",cloud,Noida,Software Development,9.26
80.45,77.47,62.47,2,"linux,aws",web,Lucknow,Cyber Security,7.92
62.24,76.58,54.24,3,"git,excel,java",mobile,Patna,Software Development,5.03
66.41,80.37,65.54,3,"excel,css,git",ai,Jaipur,Software Development,5.54
78.2,71.82,58.64,2,"html,python",data,Noida,Web Development,6.32
94.55,96.9,81.75,2,"linux,sql",govt,Bangalore,Data Analyst,10.92
85.29,94.6,74.88,3,"js,python,css",web,Lucknow,Software Development,9.41
77.0,67.38,56.63,3,"aws,excel,sql",data,Patna,Software Development,5.29
74.7,68.6,63.28,4,"java,html,git,excel",web,Bangalore,Software Development,9.33
78.49,70.55,65.62,0,,data,Hyderabad,Software Development,8.13
69.44,52.2,51.22,1,sql,cloud,Noida,Data Analyst,4.8
67.98,67.35,38.34,1,ml,data,Hyderabad,IT Support / Operations,2.14
77.09,71.01,68.79,4,"dl,git,linux,ml",web,Delhi,AI / Data Science,11.94
59.19,59.99,60.45,4,"dl,ml,c++,java",data,Jaipur,Software Development,8.06
72.39,66.59,57.5,5,"excel,css,c++,python,html",web,Jaipur,Software Development,6.55
89.27,75.85,66.96,6,"html,excel,css,ml,sql,js",ai,Lucknow,AI / Data Science,10.18
83.53,76.35,75.53,5,"git,sql,dl,linux,js",mobile,Bhopal,AI / Data Science,10.05
76.47,85.1,71.93,3,"ml,dl,excel",security,Delhi,AI / Data Science,11.03
66.37,50.39,44.22,3,"js,ml,excel",data,Patna,IT Support / Operations,3.44
88.49,94.37,57.91,4,"ml,aws,css,excel",govt,Lucknow,AI / Data Science,9.75
95.62,99.0,93.41,9,"ml,aws,java,js,html,python,sql,linux,css",ai,Hyderabad,AI / Data Science,17.96
68.74,62.65,63.25,3,"python,js,sql",data,Noida,Data Analyst,6.28
87.86,79.25,65.2,4,"ml,html,java,linux",data,Hyderabad,AI / Data Science,12.11
84.91,89.58,56.25,4,"js,git,python,dl",security,Lucknow,AI / Data Science,9.55
60.24,62.47,70.64,2,"dl,java",security,Hyderabad,Cyber Security,10.36
80.54,91.67,69.47,0,,security,Pune,Software Development,9.05
98.29,91.59,78.72,5,"ml,excel,c++,css,linux",mobile,Bijnor,AI / Data Science,8.56
80.36,70.02,76.91,6,"c++,dl,css,excel,sql,linux",security,Patna,AI / Data Science,9.01
74.29,71.11,60.58,3,"excel,python,git",security,Noida,Software Development,8.36
70.76,60.2,56.95,5,"ml,sql,excel,aws,java",govt,Bijnor,Data Analyst,5.01
69.81,70.53,46.49,3,"linux,css,aws",cloud,Kolkata,Software Development,7.58
63.6,59.51,56.63,2,"linux,html",cloud,Hyderabad,Web Development,7.58
93.03,92.5,79.11,3,"aws,excel,linux",cloud,Bangalore,Cloud / DevOps,13.76
64.96,68.9,60.88,2,"python,css",ai,Kolkata,Software Development,5.84
74.27,75.38,65.29,2,"c++,js",mobile,Jaipur,Web Development,4.3
80.71,77.07,87.44,4,"python,linux,c++,dl",govt,Patna,AI / Data Science,8.94
69.52,70.47,56.81,0,,cloud,Patna,Software Development,6.23
93.76,99.0,82.99,5,"linux,dl,ml,css,excel",security,Kolkata,AI / Data Science,13.48
48.64,50.33,42.59,1,linux,mobile,Patna,IT Support / Operations,2.0
66.21,63.75,60.0,1,sql,web,Bijnor,Data Analyst,3.99
58.15,67.03,44.7,1,html,cloud,Hyderabad,Web Development,7.05
65.4,67.55,56.88,2,"aws,html",govt,Lucknow,Software Development,6.19
70.56,67.31,66.83,7,"excel,python,dl,linux,sql,css,js",cloud,Jaipur,Cloud / DevOps,8.19
62.23,56.04,42.39,4,"linux,c++,css,git",ai,Bijnor,IT Support / Operations,2.59
74.17,82.93,74.57,3,"dl,sql,c++",web,Bhopal,AI / Data Science,8.97
69.21,64.79,74.11,7,"c++,linux,dl,js,sql,ml,html",web,Lucknow,Cyber Security,8.24
72.02,71.75,59.66,0,,govt,Jaipur,Software Development,7.04
84.8,86.99,71.98,4,"js,aws,dl,java",ai,Patna,AI / Data Science,8.84
99.0,99.0,80.4,0,,ai,Kolkata,AI / Data Science,9.75
76.88,71.12,52.63,1,aws,govt,Pune,Software Development,6.65
73.37,72.23,67.57,0,,mobile,Bhopal,Software Development,5.58
48.97,59.11,53.35,5,"html,css,linux,excel,ml",ai,Bhopal,IT Support / Operations,3.3
89.26,96.23,55.87,2,"html,js",web,Pune,Software Development,9.09
50.92,55.55,37.45,0,,security,Delhi,IT Support / Operations,2.0
78.85,75.8,65.47,5,"aws,dl,linux,python,c++",cloud,Kolkata,AI / Data Science,11.03
69.6,81.99,68.0,5,"aws,linux,git,python,html",data,Jaipur,Web Development,7.22
73.03,82.04,56.48,2,"css,js",govt,Bhopal,Web Development,4.79
95.59,87.47,79.0,0,,data,Noida,Data Analyst,8.32
70.17,75.12,61.5,0,,mobile,Pune,Software Development,8.72
71.35,74.02,65.0,0,,ai,Kolkata,Software Development,6.45
86.86,96.19,74.73,6,"aws,html,git,c++,css,js",mobile,Patna,Software Development,9.08
83.45,80.97,62.43,4,"ml,js,c++,html",mobile,Lucknow,AI / Data Science,10.26
77.44,74.6,66.04,2,"ml,git",mobile,Pune,AI / Data Science,11.9
99.0,92.85,71.78,3,"css,python,excel",security,Bhopal,Software Development,8.71
85.56,89.33,68.78,7,"ml,python,dl,linux,git,js,html",security,Bangalore,AI / Data Science,16.71
83.75,76.12,56.78,4,"python,java,linux,js",security,Patna,Software Development,6.88
76.96,64.02,53.95,0,,cloud,Noida,Software Development,5.8
55.35,60.97,66.35,0,,mobile,Delhi,Software Development,6.25
64.38,62.23,67.33,2,"linux,excel",govt,Kolkata,Software Development,6.01
60.88,69.36,51.54,7,"linux,java,ml,dl,c++,aws,python",data,Patna,Data Analyst,4.8
60.08,70.48,45.0,3,"js,html,java",data,Kolkata,Data Analyst,6.68
85.06,85.98,61.34,4,"excel,css,git,sql",cloud,Bhopal,Data Analyst,7.14
87.35,73.97,77.3,0,,mobile,Bijnor,Software Development,5.26
84.99,75.4,75.45,4,"css,java,js,ml",data,Jaipur,AI / Data Science,9.11
87.0,86.14,79.74,7,"excel,ml,java,aws,html,css,python",web,Kolkata,AI / Data Science,12.32
